DATE,datealt,g,R,gdp_trend,R_trend,g_trend,real_gdp_trend,gdp_nominal,ln_gdp_dt,ln_R_dt,g_y,R_y,tau_raw,tau,tau_hp1600
1952-03-31,1952.0,51.824,64.18,355.6951018966309,59.788890774903145,48.92237488730069,27.141281310652897,359.82,0.011529997870407982,7.087176497799597,0.14402756934022565,17.8366961258407,nan,nan,nan
1952-06-30,1952.25,54.786,64.252,361.7069784725359,60.802751602152306,49.76968739930555,27.352717525778306,361.03,-0.001873374936360861,5.5177807133101275,0.15174916211949147,17.796858986787804,nan,nan,nan
1952-09-30,1952.5,57.204,64.696,367.82046639976704,61.83380481687855,50.6316749653047,27.565800872907342,367.701,-0.00032484816902034197,4.524915737239965,0.15557205446816844,17.59473050114087,nan,nan,nan
1952-12-31,1952.75,58.879000000000005,67.816,374.03728308994977,62.88234195632183,51.50859175032776,27.780544183540233,380.812,0.017950335173384957,7.553276302627943,0.15461435038811802,17.808262344674013,0.26025513590522875,0.31914740008616593,0.31118090723974046
1953-03-31,1953.0,59.478,69.496,380.3591749820037,63.94865950141934,52.40069632142314,27.996960389137207,387.98,0.019837788279174262,8.3188630819091,0.15330171658332903,17.912263518738076,0.2576476845261455,0.3164392104629106,0.30950595637157063
1953-06-30,1953.25,60.932,69.82000000000001,386.78791803275647,65.03305896063793,53.30825172389879,28.215062521897305,391.749,0.012744801189284338,7.102476167965843,0.15553836767930485,17.822636433022165,0.2576476845261455,0.3163382979778262,0.31043254588348834
1953-09-30,1953.5,59.547,68.884,393.3253182158491,66.1358469552272,54.231525558883625,28.43486371554305,391.171,-0.005492246633158615,4.071301658671889,0.15222754243029263,17.60968987987351,0.2576476845261455,0.3162368898519008,0.3113424492427112
1953-12-31,1953.75,61.266,63.684,399.9732120290719,67.25733530591921,55.17079006223218,28.656377206111436,385.97,-0.03563792870087035,-5.459273408088006,0.1587325439801021,16.49972795813146,0.2576476845261455,0.3161345185353147,0.3122194480223921
1954-03-31,1954.0,59.156000000000006,61.012,406.7334670102769,68.39784112109739,56.12632218479597,28.87961633275089,385.345,-0.05401906178701665,-11.427069543565427,0.15351438321504107,15.833084638440875,0.23287920076556312,0.29126208758185573,0.28827282807235377
1954-06-30,1954.25,57.483000000000004,61.092,413.6079822620116,69.55768688646155,57.098403674084764,29.10459453852462,386.121,-0.06876783063544067,-12.977551072384585,0.14887302166937308,15.821983264313518,0.23287920076556312,0.29115580771496197,0.2890107664371815
1954-09-30,1954.5,56.967,61.764,420.5986889850155,70.73720055621247,58.08732115734279,29.33132537122004,390.996,-0.07298181649835733,-13.565093883212942,0.14569714268176656,15.796581039192217,0.23287920076556312,0.29104654298853694,0.28964439543019704
1954-12-31,1954.75,57.727000000000004,63.836,427.70755102073747,71.93671564578352,59.093366226063246,29.559822484164684,399.734,-0.06764034412638864,-11.946948861251094,0.14441353500077553,15.969619797165116,0.23287920076556312,0.2909337468920782,0.29016127646431045
1955-03-31,1955.0,57.760000000000005,67.796,434.93656540302305,73.156571326144,60.116835521966635,29.7900996370483,413.073,-0.05157586100565492,-7.609876085234557,0.13983000583431984,16.41259535239534,0.24128455123655101,0.29922233015372957,0.2989618707443048
1955-06-30,1955.25,57.64,69.756,442.2877629191218,74.39711251970249,61.15803082446869,30.022170696751516,421.532,-0.048065023670766927,-6.441369235964345,0.13673932228158242,16.54820986307089,0.24128455123655101,0.2991012599842907,0.29923781433223806
1955-09-30,1955.5,59.522999999999996,71.376,449.7632086801812,75.65868999783554,62.21725913966238,30.25604963818079,430.221,-0.044422211190963345,-5.827062633965241,0.1383544736309943,16.59054299999303,0.24128455123655101,0.29897558001731206,0.29939852060194594
1955-12-31,1955.75,58.295,73.06800000000001,457.3650027013821,76.94166048007081,63.29483279084192,30.491750545110065,437.092,-0.04533806585569167,-5.165696416982701,0.1333700914224008,16.71684679655542,0.24128455123655101,0.2988450096358445,0.29944960589034747
1956-03-31,1956.0,58.373000000000005,73.464,465.0952804918765,78.24638673495215,64.39106951059402,30.72928761102874,439.746,-0.05604500138196489,-6.306716213174646,0.13274253773769404,16.706007558909008,0.2445497426127442,0.3019744870764205,0.30266333090320763
1956-06-30,1956.25,60.433,74.808,472.9562136546995,79.57323768261436,65.5062925344841,30.9686751399965,446.01,-0.058661439359006806,-6.175299516852473,0.13549696195152575,16.772718100491023,0.2445497426127442,0.3018334052299852,0.3025178032820594
1956-09-30,1956.5,59.07000000000001,74.604,480.95001049682116,80.92258849909838,66.6408306963657,31.20992754750457,451.191,-0.06387258324740763,-8.129887508517353,0.13092016463094347,16.534904286654655,0.2445497426127442,0.3016867286042809,0.3022861172832299
1956-12-31,1956.75,60.735,77.416,489.07891664950523,82.29482072243432,67.79501852533971,31.453059361343904,460.463,-0.06029135517632955,-6.111469644043588,0.13189984863061743,16.81264292679325,0.2445497426127442,0.30153422922989315,0.3019756792278307
1957-03-31,1957.0,63.951,79.56400000000001,497.3452156991572,83.69032236052445,68.96919634439386,31.69808522247991,469.779,-0.05702201261320816,-5.056161863496644,0.1361299674953542,16.9364743847639,0.24616142505491012,0.3029873619453756,0.3032052261238665
1957-06-30,1957.25,64.886,79.008,505.7512298288348,85.10948800085444,70.16371037074984,31.94501988593417,472.025,-0.06901295745350033,-7.4389408573714455,0.13746305810073617,16.738096499126108,0.24616142505491012,0.30282253615358057,0.3027582899213559
1957-09-30,1957.5,64.94800000000001,78.924,514.2993204705967,86.5527189220663,71.37891281794853,32.19387822167296,479.49,-0.07008239246085513,-9.226833148797287,0.13545225135039313,16.459988738034166,0.24616142505491012,0.3026511959433268,0.3022525236985169
1957-12-31,1957.75,67.855,76.112,522.9918889688815,88.02042320742196,72.61516199970387,32.44467521550269,474.864,-0.09653750803197969,-14.536292976396403,0.142893544256882,16.028168064961758,0.24616142505491012,0.30247309196899397,0.30169325122822993
1958-03-31,1958.0,67.481,72.604,531.8313772550994,89.51301586019211,73.87282243555443,32.69742596997229,467.54,-0.1288415724864942,-20.936402658086273,0.14433203576164605,15.528938700432048,0.24293311994351585,0.2990596604946968,0.2978571604126986
1958-06-30,1958.25,71.507,72.524,540.8202685336203,91.03091892100072,75.15226495834587,32.95214570528266,471.978,-0.13615462849404025,-22.728167560773382,0.1515049430270055,15.36597044777511,0.24293311994351585,0.29886724562090133,0.2972058732743207
1958-09-30,1958.5,71.82900000000001,75.864,549.9610879793624,92.57456158716033,76.45386682357424,33.208849760203286,485.841,-0.12396611671725033,-19.90721274485736,0.14784466522998269,15.614985149462482,0.24293311994351585,0.2986673027503747,0.2965185128440822
1958-12-31,1958.75,72.275,79.58800000000001,559.2564034471673,94.14438033402993,77.77801182062306,33.467553592995785,499.555,-0.11289034822963107,-16.796623717170167,0.14467876410004904,15.931779283562372,0.24293311994351585,0.29845962095791034,0.29580533066159614
1959-03-31,1959.0,69.20599999999999,83.928,568.7088261931684,95.74081903843194,79.12509038592763,33.7282727823449,510.33,-0.10831099884850559,-13.168545031822187,0.13561029138008737,16.445829169361,0.2527627541553593,0.30807365409020626,0.3049094654758202
1959-06-30,1959.25,70.124,87.592,578.3210116083467,97.36432910416077,80.49549971809833,33.99102302829651,522.653,-0.10121133396834114,-10.57702430349865,0.13416932458055342,16.75911168595607,0.2527627541553593,0.30784998599530883,0.3041888521365471
1959-09-30,1959.5,70.91,85.636,588.0956599644888,99.01536958962058,81.88964389503874,34.25582015320317,525.034,-0.1134265992815422,-14.516933098033746,0.13505792005851047,16.310562744507976,0.2527627541553593,0.3076180396533425,0.3034883367812067
1959-12-31,1959.75,71.279,86.024,598.0355171727542,100.69440733762731,83.30793399309165,34.522680102676766,528.6,-0.12341814328220835,-15.746393323529162,0.13484487325009456,16.273931138857357,0.2527627541553593,0.30737754256581673,0.30282159037082884
1960-03-31,1960.0,68.295,93.192,608.1433755550576,102.40191710741115,84.75078820824838,34.7916189465489,542.648,-0.11394980995547499,-9.424355308474386,0.12585506626763573,17.1735637098082,0.2529688628182647,0.3073342719498381,0.3024072893868898
1960-06-30,1960.25,69.292,91.86,618.4220746284948,104.13838170885847,86.2186319794583,35.06265287983841,541.08,-0.13360405077426307,-12.54549291432756,0.1280623937310564,16.977156797516077,0.2529688628182647,0.30707562249146025,0.3018450978961968
1960-09-30,1960.5,71.879,91.30799999999999,628.8745019030264,105.90429213902898,87.71189811407316,35.33579822372677,545.604,-0.14203827888600973,-14.829737491723982,0.13174206933966762,16.735214551212966,0.2529688628182647,0.30680725875582165,0.3013525784664351
1960-12-31,1960.75,73.914,89.928,639.5035936926386,107.7001477209891,89.23102691546418,35.61107142654078,540.197,-0.16875835269372708,-18.03416055988336,0.13682786094702487,16.647260166198627,0.2529688628182647,0.3065286831220192,0.30094110888422865
1961-03-31,1961.0,73.67,90.124,650.3123359402192,109.52645624499816,90.77646631285009,35.88848906474318,545.018,-0.1766339426687633,-19.49796297738935,0.13516984760136364,16.535967619418077,0.2576592903292604,0.3109297746406462,0.3053127261536845
1961-06-30,1961.25,75.591,92.148,661.3037650563763,111.38373411209041,92.34867199337255,36.16806784393075,555.545,-0.1742636741814616,-18.958532333932965,0.13606638526131995,16.58695515214789,0.2576592903292604,0.31062908177556625,0.30509867362089904
1961-09-30,1961.5,76.762,93.936,672.4809687724274,113.27250648008993,93.94810753646036,36.44982459984036,567.664,-0.1694441174613468,-18.718277801260896,0.13522435807097158,16.547817018518,0.2576592903292604,0.31031634345897197,0.3049992337791386
1961-12-31,1961.75,77.34,97.136,683.8470870078131,115.19330741210348,95.57524455051987,36.73377629936274,580.612,-0.16365161597269395,-17.04995928050641,0.13320427411076588,16.72993324285409,0.2576592903292604,0.30999078205433084,0.30502215200769006
1962-03-31,1962.0,80.512,98.55199999999999,695.4053127521696,117.14668002752954,97.23056281199288,37.01994004156426,594.013,-0.15759365475022147,-17.284249739217294,0.13553912119768421,16.590882691119553,0.2612656239955229,0.31325786766102687,0.30877945989901945
1962-06-30,1962.25,81.279,99.948,707.1588929623059,119.13317665562988,98.91455040682371,37.308333058716535,600.366,-0.1637159139249258,-17.559194816934554,0.13538241672579726,16.647844814663053,0.2612656239955229,0.3129039867049243,0.3090621262698299
1962-09-30,1962.5,83.628,102.344,719.1111294743462,121.15335899170344,100.62770387437524,37.59897271733415,609.027,-0.16615330523562655,-16.87174847545183,0.13731410922668455,16.804509488085092,0.2612656239955229,0.31253441126508685,0.30947571084120395
1962-12-31,1962.75,84.66499999999999,103.56400000000001,731.2653799312889,123.20779825591042,102.3705283538387,37.89187651922046,612.28,-0.1775867364860506,-17.368256753882427,0.13827823871431372,16.91448356960868,0.2612656239955229,0.3121479679475369,0.3100148529070721
1963-03-31,1963.0,85.456,106.24799999999999,743.6250587262384,125.29707535478778,104.1435377331784,38.18706210252153,621.672,-0.1791243320195095,-16.491153638870948,0.1374615552896061,17.09068447670154,0.2660946086887802,0.3165723599405302,0.3154983312033753
1963-06-30,1963.25,83.664,108.49199999999999,756.1936379615837,127.42178104550487,105.94725480065617,38.484547242788175,629.752,-0.18297138716130235,-16.08262568021326,0.1328522974123147,17.227734092150563,0.2660946086887802,0.3161482321059592,0.31625278817124464
1963-09-30,1963.5,86.525,109.536,768.9746484243896,129.5825161029043,107.78221139898082,38.78434985404647,644.444,-0.17667007248096667,-16.80646058562907,0.1342630236296715,16.996977239294647,0.2660946086887802,0.315703034894978,0.31708321094261027
1963-12-31,1963.75,87.755,110.988,781.9716805782674,131.77989148937422,109.64894858212631,39.0864879898765,653.938,-0.17880598005524106,-17.171095470264497,0.13419467900626667,16.97225119200903,0.2660946086887802,0.31523508981625004,0.3179565210315671
1964-03-31,1964.0,88.445,109.0,795.1883855720166,134.01452852760315,111.54801677486704,39.39097984449945,669.822,-0.1715670441204491,-20.660033369232877,0.1320425426456581,16.272979985727552,0.2389939460562326,0.2876419159486303,0.29172937738085236
1964-06-30,1964.25,87.993,105.324,808.6284762653132,136.28705907626198,113.47997593507553,39.69784375387329,678.674,-0.1751986788932305,-25.772207638219413,0.12965429646634466,15.51908574661767,0.2389939460562326,0.2871228851508074,0.29255028107323067
1964-09-30,1964.5,88.899,107.876,822.2957282717297,138.59812570866748,115.4453957188309,40.00709819679688,692.031,-0.17246934480742393,-25.059614428984034,0.12846100824963047,15.588319020390706,0.2389939460562326,0.2865755221977557,0.2932719915009895
1964-12-31,1964.75,87.869,109.53200000000001,836.1939810193875,140.94838189447296,117.44485564838783,40.318761796022805,697.319,-0.18161763906884776,-25.217699349114753,0.12600976023885768,15.707588635904088,0.2389939460562326,0.2859981605012343,0.29385366383132233
1965-03-31,1965.0,89.254,115.604,850.3271388295396,143.33849218444252,119.47894528305338,40.63285331937868,717.79,-0.16944409749319522,-21.503835364052115,0.12434556067930734,16.105546190389948,0.22932985356166513,0.27572519245630145,0.2845956428101961
1965-06-30,1965.25,89.611,117.356,864.6991720133738,145.76913239835596,121.5482643930247,40.9493916808975,730.191,-0.16907552466858355,-21.68120351240237,0.12272268488655709,16.071959254496427,0.22932985356166513,0.27508344519320127,0.28479546919541465
1965-09-30,1965.5,96.693,115.788,879.3141179873617,148.24098981610265,123.65342313623651,41.26839594195639,749.323,-0.15997205998048614,-24.70783262474443,0.1290404805404345,15.452348319749959,0.22932985356166513,0.27440772833963933,0.284769111052352
1965-12-31,1965.75,99.479,119.432,894.1760824074595,150.7547633720133,125.79504223827153,41.58988531242466,771.857,-0.14710341626034396,-23.290726118110516,0.1288826816366244,15.473332495527023,0.22932985356166513,0.2736972104165253,0.28450720884073155
1966-03-31,1966.0,100.648,128.376,909.289240322471,153.31116385248947,127.97375317538791,41.91387915182041,795.734,-0.13339828059555803,-17.75061488940395,0.1264844784815026,16.133029379164395,0.24206178288795344,0.28568326242686204,0.2967429287201861
1966-06-30,1966.25,103.407,133.10399999999998,924.6578373469121,155.91091409698228,130.19019836071502,42.24039697047646,804.981,-0.1386050888540291,-15.815400310826888,0.1284589325710793,16.535048653322253,0.24206178288795344,0.28490174765577203,0.29602440893398707
1966-09-30,1966.5,108.929,135.496,940.2861908536983,158.55474920238103,132.44503133367562,42.56945843071513,819.638,-0.13732150791100484,-15.715783491968427,0.13289891391077524,16.531200359182954,0.24206178288795344,0.2840844777677066,0.2950986884418497
1966-12-31,1966.75,112.495,137.736,956.178691186984,161.24341673086587,134.7389169526878,42.90108334803235,833.302,-0.13754868957115374,-15.757631889303703,0.1349990759652563,16.528941488199955,0.24206178288795344,0.28323150331644065,0.29398443868964597
1967-03-31,1967.0,121.443,138.68,972.3398028955079,163.97767692128656,137.0725315912042,43.23529169229084,844.17,-0.1413514387096102,-16.75611814090887,0.14386083371832686,16.42797066941493,0.24463005770928992,0.28491132606539626,0.29527274633233713
1967-06-30,1967.25,123.10300000000001,139.388,988.7740659867843,166.75830290412546,139.44656333714792,43.572103588922744,848.983,-0.1524266960415508,-17.928406467733726,0.14500054771414744,16.418232167192986,0.24463005770928992,0.2839878082320415,0.29385471035472327
1967-09-30,1967.5,125.174,142.832,1005.4860972024849,169.58608092010434,141.86171219580055,43.91153932014145,865.233,-0.1502275475450121,-17.169153550631133,0.14467085744533553,16.50792329927314,0.24463005770928992,0.2830298046176818,0.29233028580718495
1967-12-31,1967.75,128.596,147.176,1022.4805913153843,172.46181054250056,144.31869029620614,44.253619326163005,881.439,-0.14843110692156536,-15.854667427853908,0.14589324956122887,16.697241669588024,0.24463005770928992,0.28203807255729235,0.29073607079282365
1968-03-31,1968.0,134.369,155.03199999999998,1039.7623224482265,175.3863049032304,146.81822210114873,44.598364206437004,909.387,-0.13397668376050742,-12.335945043677565,0.1477577752925872,17.047967476992742,0.27312372823874387,0.30950722685034454,0.3176082045835943
1968-06-30,1968.25,137.693,159.54,1057.3361454148742,178.36039092276908,149.36104462076645,44.94579472088705,934.344,-0.12366327490986961,-11.151149703644414,0.14736863510655607,17.075081554545218,0.27312372823874387,0.3084510675603106,0.3160086818868733
1968-09-30,1968.5,140.177,170.42,1075.2069970841342,181.3849095439665,151.94790762986673,45.29593179116081,950.825,-0.12293844866462589,-6.235536697832078,0.1474267083848237,17.923382325874897,0.27312372823874387,0.30736432849984474,0.31447058093856345
1968-12-31,1968.75,142.582,175.464,1093.3798977666345,184.46071596983103,154.57957388900334,45.648796501889926,968.03,-0.12176592269199826,-5.000262557770974,0.14729088974515253,18.125884528372055,0.27312372823874387,0.3062480056745599,0.31302438108696307
1969-03-31,1969.0,141.689,185.14000000000001,1111.859952625132,187.5886799053426,157.2568193693843,46.00441010195975,993.337,-0.11271954289561315,-1.3139397456471968,0.14263940636460737,18.638186234883026,0.28516261382156805,0.3171419242626966,0.32373148021813714
1969-06-30,1969.25,144.88400000000001,187.952,1130.6523531086677,190.76968580336876,159.9804334816738,46.36279400578884,1009.02,-0.11381520700402437,-1.4880255872710357,0.14358882876454382,18.627182811044378,0.28516261382156805,0.31596920744705453,0.32252955629952773
1969-09-30,1969.5,148.46,185.456,1149.7623784109596,194.00463311474877,162.75121930875693,46.72396979461851,1029.956,-0.1100392106735475,-4.506438366655541,0.14414207985583852,18.00620609035726,0.28516261382156805,0.3147694809727519,0.32145918893994213
1969-12-31,1969.75,149.849,186.512,1169.195396953437,197.29443654261974,165.5699938425369,47.0879592178124,1038.147,-0.11887842411360783,-5.6201634494170705,0.14434275685427977,17.965856473119896,0.28516261382156805,0.3135433425430967,0.32050906826070547
1970-03-31,1970.0,150.993,180.892,1188.956867893351,200.64002630105543,168.43758822483173,47.454784194166265,1051.2,-0.12314397235068242,-10.361222043478602,0.14363869863013698,17.20814307458143,0.2695398748229585,0.296668520401066,0.3040328104594746
1970-06-30,1970.25,158.906,182.28000000000003,1209.0523426573714,204.04234837809034,171.35484799244503,47.82446681322776,1067.375,-0.12463450162468792,-11.27835959933714,0.1488755123550767,17.077409532732172,0.2695398748229585,0.2953908415851284,0.30324050763010124
1970-09-30,1970.5,159.362,178.656,1229.4874665010989,207.5023648032037,174.32263332648003,48.197029336626784,1086.059,-0.12404184079723901,-14.968056711980715,0.14673420136475093,16.449935040361527,0.2695398748229585,0.29408796668580833,0.30247259143210026
1970-12-31,1970.75,162.659,177.90800000000002,1250.267980094942,211.02105391934015,177.34181930597137,48.572494199415864,1088.608,-0.13845809653374097,-17.069134736199487,0.14941925835562478,16.342705546900262,0.2695398748229585,0.29276035861691213,0.3016912842743562
1971-03-31,1971.0,166.672,182.88,1271.3997211367998,214.59941065954342,180.41329616591148,48.95088401142133,1135.156,-0.11334834976201424,-15.994288391866363,0.1468273964107136,16.11056101540229,0.2590731351691694,0.2809418169918786,0.2903916006103484
1971-06-30,1971.25,174.61599999999999,185.084,1292.8886259919918,218.23844682827902,183.5379695597432,49.33222155860466,1156.271,-0.11167878811431198,-16.477848174283682,0.15101650045707277,16.006974143604744,0.2590731351691694,0.279566450015016,0.2894687938702808
1971-09-30,1971.5,173.98899999999998,185.74,1314.7407313609144,221.93919138753031,186.71676082640147,49.716529804434806,1177.675,-0.11009732790435045,-17.805558533470744,0.14773940178742012,15.771753667183225,0.2590731351691694,0.27816835474418394,0.2884249808406375
1971-12-31,1971.75,175.76600000000002,188.66,1336.962175974886,225.70269074774276,189.95060726197795,50.1038318912708,1190.297,-0.11619715168339617,-17.927215231956595,0.1476656666361421,15.849825715766736,0.2590731351691694,0.2767485894596195,0.2872366770335518
1972-03-31,1972.0,183.114,207.89600000000002,1359.5592023206416,229.53000906370525,193.240462396091,50.49415114175556,1230.609,-0.09965136246721595,-9.89958247403413,0.14879949683449414,16.893749354994156,0.26655772753628393,0.2827930403582152,0.29337330178327514
1972-06-30,1972.25,183.92399999999998,210.94400000000002,1382.538158393988,233.4222285354454,196.58729627304407,50.887511060220135,1266.369,-0.08776730459435811,-10.125625785178194,0.14523728865757138,16.65738817043058,0.26655772753628393,0.28133406628271385,0.29185955146759845
1972-09-30,1972.5,180.76,213.628,1405.905499483096,237.3804497142305,199.99209573785075,51.28393533409928,1290.566,-0.08560069697657546,-10.542794248005904,0.1400625771948122,16.55304726763296,0.26655772753628393,0.2798579924798869,0.29017911832007065
1972-12-31,1972.75,192.809,220.632,1429.6677899819254,241.4057918137541,203.45586472721632,51.68344783535773,1328.904,-0.07308756022554963,-8.998314574652255,0.14508873477692896,16.602553683336044,0.26655772753628393,0.278366755721817,0.28833726705548796
1973-03-31,1973.0,195.782,236.436,1453.831705234308,245.49939302660297,206.97962456555754,52.08607262192777,1377.49,-0.053939623865600694,-3.761691663295874,0.14212952544120103,17.1642625354812,0.2856472409998194,0.29595202489728584,0.3054359909712613
1973-06-30,1973.25,197.936,240.25599999999997,1478.4040334092015,249.6624108460872,210.5644142661488,52.491833939158006,1413.887,-0.044620500980856015,-3.8404627169504657,0.13999421453058133,16.992588516621197,0.2856472409998194,0.2944371620699996,0.3033171092503144
1973-09-30,1973.5,198.531,243.76,1503.3916774076258,253.89602239352993,214.2112908374863,52.90075622127337,1433.838,-0.04736890881445177,-4.07406878747425,0.1384612487603202,17.00052586135951,0.2856472409998194,0.29291412740711065,0.30108866103984944
1973-12-31,1973.75,204.061,252.44,1528.8016568018418,258.2014247511066,217.9213295949552,53.3128640928464,1476.289,-0.034952691200278885,-2.256639969485974,0.13822564552062638,17.099632930950513,0.2856472409998194,0.2913854404737035,0.29876817589828075
1974-03-31,1974.0,213.51999999999998,259.124,1554.6411098073058,262.5798353003278,221.69562447789772,53.72818237028018,1491.209,-0.04165752110306986,-1.3248458662446616,0.1431858310940988,17.376772806494596,0.301211811608711,0.30541827953556844,0.3119381506477934
1974-06-30,1974.25,220.375,268.172,1580.9172952879417,267.0324920662614,225.53528837217056,54.14673606330278,1530.056,-0.0327009091714805,0.42582215675288637,0.14403067600140124,17.526940190424405,0.301211811608711,0.3038862144105044,0.3094892172419901
1974-09-30,1974.5,230.31400000000002,279.068,1607.6375947953165,271.5606540675932,229.44145343828993,54.56855037647324,1560.026,-0.030063281195406688,2.7269961736176462,0.14763471890853103,17.888676214370786,0.301211811608711,0.3023564897932783,0.30699933518502254
1974-12-31,1974.75,241.58799999999997,276.06,1634.809514642284,276.1656016726232,233.415271445259,54.993650710699285,1599.679,-0.021723308638214256,-0.03824584502805095,0.15102279894903914,17.257212228203283,0.301211811608711,0.3008317581407095,0.30447703967940376
1975-03-31,1975.0,251.488,270.412,1662.4406880116626,280.84863696129736,237.4579141101782,55.422062664767026,1616.116,-0.028261076826588294,-3.786914382208728,0.1556125921654139,16.732214766761793,0.30507658594421083,0.3031794399133079,0.3057923427466849
1975-06-30,1975.25,266.72900000000004,237.368,1690.5388771005657,285.61108409338067,241.5705734437371,55.85381203688237,1651.853,-0.02314965221020948,-18.50193600703287,0.1614726007701654,14.369801671214082,0.30507658594421083,0.3016726414805908,0.30321921232014715
1975-09-30,1975.5,271.098,281.096,1719.1119753009768,290.45428968287086,245.75446210168926,56.28892482622474,1709.82,-0.005419762254233795,-3.2749965422035565,0.15855353195073166,16.44009310921618,0.30507658594421083,0.30017877765726453,0.3006233961933835
1975-12-31,1975.75,275.517,289.16,1748.1680094171656,295.3796231787643,250.01081374241556,56.72742723451246,1761.831,0.007785221337796244,-2.1281219148429287,0.15638106038547397,16.41247088965968,0.30507658594421083,0.29870048942920924,0.2980049328848161
1976-03-31,1976.0,279.31100000000004,301.923,1777.7151419205961,300.3884772522751,254.3408833906791,57.16934566758067,1820.487,0.02377513609928439,0.5095456838640544,0.15342652817625174,16.58473803987614,0.30888616576293204,0.30105001304633816,0.2991741281769966
1976-06-30,1976.25,278.749,308.679,1807.7616732429474,305.4822681906233,258.7459478076812,57.61470673697144,1852.332,0.024355950431924178,1.0410166985341363,0.15048544213456336,16.664345268558765,0.30888616576293204,0.2996108755305952,0.29651487238128904
1976-09-30,1976.5,284.603,316.027,1838.3160441078758,310.6624362974999,263.2273058675269,58.06353726153641,1886.558,0.025904045558982958,1.7120744118203746,0.15085833565678872,16.751512542948586,0.30888616576293204,0.29819535009304554,0.2938413885031394
1976-12-31,1976.75,291.54100000000005,322.08299999999997,1869.3868379022015,315.93044630032193,267.78627894020934,58.515864269051484,1934.273,0.03412106236301948,1.928719358879949,0.15072381199551463,16.65137237608135,0.30888616576293204,0.2968061512503667,0.29116157500206336
1977-03-31,1977.0,296.13,336.41999999999996,1900.9827830871748,321.2877877643936,272.42421128122834,58.97171499784461,1988.648,0.045084004157827096,4.602312278959353,0.14891021437680274,16.91702101125991,0.32818221340970377,0.3147420764455952,0.3077843041845628
1977-06-30,1977.25,298.51099999999997,350.044,1933.1127556504791,326.73597551409136,277.14247042795574,59.43111689843591,2055.909,0.06158655544263336,6.8906430435049515,0.1451966016005572,17.026239974629227,0.32818221340970377,0.31341382935302825,0.3051369065004772
1977-09-30,1977.5,306.512,356.672,1965.7857815996952,332.2765500611912,281.9424476028681,59.89409763519092,2118.473,0.0748034918948175,7.084898765562375,0.14468534647361567,16.83627782841698,0.32818221340970377,0.31212012639960224,0.302531067217875
1977-12-31,1977.75,313.16600000000005,367.74,1999.0110394979072,337.9110780404583,286.82555812375966,60.360685087986155,2164.27,0.07943054413441075,8.45933885755441,0.14469821233025457,16.99141049869009,0.32818221340970377,0.3108635194602767,0.29998029045951896
1978-03-31,1978.0,316.874,374.183,2032.79786304215,343.6411526526229,291.79324182106353,60.83090735388822,2202.76,0.08029801774956535,8.514703054794648,0.14385316602807388,16.987007209137627,0.33718328287789523,0.3186475259100269,0.30649864496738133
1978-06-30,1978.25,321.225,401.993,2067.1557436854537,349.4683941148691,296.8469634623985,61.304792748845685,2331.633,0.12039525490409275,14.00215496645325,0.13776825083535876,17.24083507138559,0.33718328287789523,0.3174723633171478,0.3040980804653518
1978-09-30,1978.5,331.895,419.259,2102.0943333032037,355.39445011896316,301.98821318446835,61.782369809394204,2395.053,0.13047121072683865,16.526056765183395,0.13857522150866808,17.505207609184435,0.33718328287789523,0.3163412884123378,0.3017907704968189
1978-12-31,1978.75,337.366,438.72400000000005,2137.6234469045507,361.42099629714716,307.21850693244454,62.26366729437512,2476.949,0.14733288777362574,19.382704017995245,0.13620223912563398,17.712274253527223,0.33718328287789523,0.3152563309675593,0.299586334904718
1979-03-31,1979.0,345.929,448.233,2173.753065389668,367.549736695938,312.53938690695446,62.748714186666945,2526.61,0.1504232864236661,19.845453905747412,0.13691428435730088,17.74049022207622,0.339178231190435,0.31621432288751883,0.29948929968099247
1979-06-30,1979.25,353.28999999999996,460.85699999999997,2210.493338353606,373.78240425795536,317.9524220188154,63.237539694930845,2591.247,0.15892350638297703,20.94139783460207,0.13633976228433647,17.785143600745123,0.339178231190435,0.31522711580908236,0.29752068148868016
1979-09-30,1979.5,369.09799999999996,473.592,2247.854586937524,380.1207613119254,323.45920835164185,63.73017325536968,2667.565,0.17118982686885076,21.98571963741598,0.138365138244054,17.753719215839162,0.339178231190435,0.31429126139659475,0.29568773818416655
1979-12-31,1979.75,379.08799999999997,483.95900000000006,2285.8473067281293,386.566600070989,329.06136963246445,64.22664453350028,2723.883,0.17532166763830936,22.46960233648938,0.13917191010039712,17.767246243689616,0.339178231190435,0.3134082279637911,0.29400540595339586
1980-03-31,1980.0,394.945,493.678,2324.4821707061215,393.12174313946286,334.7605577105033,64.72698342594005,2789.842,0.1824876714492225,22.776413991886457,0.1415653646335527,17.695554085141737,0.35466046840690946,0.32806159536135565,0.3079746304304507
1980-06-30,1980.25,414.818,490.143,2363.7700322444516,399.78804402819407,340.5584530442283,65.23122006220726,2797.352,0.1684154396980242,20.376266852612535,0.14828952523672387,17.521677643714487,0.35466046840690946,0.32728811494135807,0.3066544692892986
1980-09-30,1980.5,441.23199999999997,510.701,2403.7219281572766,406.56738767865176,346.4567651968603,65.73938480653533,2856.483,0.17257280832666666,22.80346011525234,0.15446687412457905,17.878664077468688,0.35466046840690946,0.32657098632242604,0.3055467847773403
1980-12-31,1980.75,448.674,537.978,2444.349081800448,413.46169099590674,352.4572333404508,66.25150825970152,2985.557,0.20000746583162243,26.32528026777763,0.15028150526015746,18.019351162948823,0.35466046840690946,0.3259109162586519,0.3046681199502256
1981-03-31,1981.0,462.358,576.4169999999999,2485.662906224383,420.47290339064955,358.56162676869155,66.76762126086935,3124.206,0.22864078386276,31.545131878450672,0.14799216184848246,18.450031784075698,0.369993708979784,0.34064160360022755,0.3193658687640218
1981-06-30,1981.25,474.025,583.998,2527.6750073802436,427.60300733040054,364.7717454186102,67.28775488944582,3162.532,0.22407306176627806,31.17023459928321,0.14988781141186872,18.4661530697555,0.369993708979784,0.34009678360264767,0.318985862949233
1981-09-30,1981.5,495.079,600.363,2570.3971873803102,434.854018900065,371.08942040129506,67.81194046695299,3260.609,0.23785355316311385,32.25240862467275,0.15183635940402546,18.41260328975354,0.369993708979784,0.339609524057083,0.3188626293550387
1981-12-31,1981.75,505.64,588.41,2613.841447813434,442.2279883719942,377.5165145418181,68.3402095589142,3280.818,0.22727182319127337,28.55984239347933,0.15412010053590292,17.93485649005827,0.369993708979784,0.33917926844708224,0.3189866651614292
1982-03-31,1982.0,515.178,576.699,2658.019993116555,449.72700078571404,384.0549229285047,68.87259397675457,3274.302,0.20852323447331322,24.867973286794154,0.15733979333610645,17.612883600840725,0.3511939583889303,0.3200053308031883,0.3005380048822233
1982-06-30,1982.25,525.026,582.892,2702.9452340031985,457.3531765374857,390.70657347171755,69.40912577971697,3331.972,0.20922231500897936,24.254601286946897,0.15757215246706752,17.493904510602132,0.3511939583889303,0.31968590236890937,0.30108514520610413
1982-09-30,1982.5,548.806,573.9879999999999,2748.6297909498935,465.10867197985914,397.47342747232074,69.94983727679228,3366.322,0.2027182240302814,21.03374087121752,0.16302837339981144,17.05089412123974,0.3511939583889303,0.3194197397949729,0.30179807186417107
1982-12-31,1982.75,572.06,577.6569999999999,2795.086497741565,472.99568003139797,404.35748019998516,70.49476102866534,3402.561,0.1966653299350778,19.989401159595932,0.16812630251154934,16.97712399571969,0.3511939583889303,0.319205170697025,0.3026469200306524
1983-03-31,1983.0,575.751,582.1659999999999,2842.3284050768116,481.0164307967422,411.36076148151454,71.04392984967531,3473.413,0.20051410684108362,19.08542012477632,0.16575944179399338,16.760632841530793,0.3354658869080751,0.30331227424554685,0.28787370667203527
1983-06-30,1983.25,587.925,608.19,2890.368784234115,489.1731921971851,418.48533629935764,71.59737680979191,3578.848,0.21365685993365346,21.77707301065883,0.16427772288736484,16.994015951501716,0.3354658869080751,0.3031951692349669,0.2889040859403823
1983-09-30,1983.5,591.604,602.089,2939.2211308000597,497.4682706119419,425.7333054004865,72.15513523660674,3689.179,0.22725931531610044,19.08734980127207,0.16036196671400332,16.320406247568904,0.3354658869080751,0.3031237441274937,0.28998815354654983
1983-12-31,1983.75,579.173,617.764,2988.899168460522,505.9040115302952,433.1068059158236,72.71723871734042,3794.706,0.2387017889633345,19.975955674240797,0.1526265802937039,16.279627459940247,0.3354658869080751,0.3030959441475871,0.29111208869656524
1984-03-31,1984.0,587.9870000000001,647.26,3039.4168528559367,514.4828002147985,440.6080119903919,73.28372110086484,3908.054,0.2513738795957181,22.95859438752519,0.1504551881831725,16.562207175233503,0.3367578705008505,0.3044016841081296,0.29356138866129394
1984-06-30,1984.25,603.287,659.3050000000001,3090.788375501769,523.2070623757248,448.2391354243842,73.85461649974165,4009.601,0.26026553905061434,23.120895141506193,0.15046060692822052,16.44315731166268,0.3367578705008505,0.30445491431732474,0.2947522319458688
1984-09-30,1984.5,609.077,666.873,3143.0281677752077,532.079264856951,456.0024263253318,74.42995929227646,4084.25,0.26195139308264714,22.580715065358792,0.14912823651833262,16.327918222439862,0.3367578705008505,0.3045455090779495,0.29598184903386454
1984-12-31,1984.75,623.452,681.803,3196.150904969232,541.101916333476,463.9001737715686,75.00978412458895,4148.551,0.26081187303346987,23.113311361761557,0.15028186950094138,16.434726245380617,0.3367578705008505,0.30467133178395084,0.2972598437391434
1985-03-31,1985.0,632.8389999999999,729.548,3250.171510415256,550.2775680207659,471.9347064871895,75.59412591269945,4230.168,0.26353394119687756,28.200234423778614,0.14960138698983114,17.24631267599774,0.3440253172979032,0.31209766440432607,0.3058668550850029
1985-06-30,1985.25,640.707,686.405,3305.105159675399,559.6088143961273,480.1083935286934,76.18301984463115,4294.887,0.26195695427159116,20.42298386182564,0.14917901216027335,15.98191058344492,0.3440253172979032,0.3122874190366852,0.30728397136927477
1985-09-30,1985.5,653.77,729.544,3360.9672848056143,569.0982939323112,488.4236449835241,76.77650138252923,4386.773,0.2663650621293012,24.836651365843476,0.14903210172944895,16.630539122949834,0.3440253172979032,0.31250574442624046,0.30879203156455
1985-12-31,1985.75,657.611,737.7909999999999,3417.773578690923,578.7486898435608,496.8829126807061,77.37460626479657,4444.094,0.262586684969909,24.27922450317599,0.14797414276115672,16.601606536675416,0.3440253172979032,0.31275023688004977,0.3104009524322898
1986-03-31,1986.0,667.287,743.463,3475.5399994538698,588.562730844309,505.48869091378725,77.9773705082454,4507.894,0.2600802196773344,23.36354845477846,0.148026328924327,16.492468545178745,0.3468212365324449,0.31581430411535694,0.3149121520167986
1986-06-30,1986.25,681.443,748.413,3534.2827749374883,598.5431919207389,514.2435171763079,78.58483041026645,4545.34,0.25159214607040603,22.34562752931737,0.14992123801519797,16.46550093062345,0.3468212365324449,0.31610348587650017,0.3167338671315144
1986-09-30,1986.5,695.407,762.9079999999999,3594.0184072640895,608.6928951154302,523.1499729100005,79.1970225510147,4607.669,0.2484511792030819,22.582358413870374,0.15092381852949943,16.55735253552284,0.3468212365324449,0.31641093870149023,0.3186538492665189
1986-12-31,1986.75,691.998,789.0840000000001,3654.763677471051,619.0147103253124,532.2106842659551,79.81398379561207,4657.627,0.24247465718469918,24.274374199385562,0.1485730823872328,16.94176025688618,0.3468212365324449,0.31673375609202553,0.32065454907842394
1987-03-31,1987.0,698.162,791.02,3716.535650224954,629.5115561131466,541.4283228789624,80.43575129636744,4722.156,0.2394735174102749,22.837904097589856,0.14784814394103032,16.75124667630633,0.32128162877948285,0.2915292769205441,0.29716822788311664
1987-06-30,1987.25,705.881,859.8050000000001,3779.3516786154587,640.1864005327674,550.8056066552708,81.06236249501404,4806.16,0.24034594715124058,29.49462345702809,0.1468700584250212,17.889645787905522,0.32128162877948285,0.2918735132138977,0.29923413823022516
1987-09-30,1987.5,706.6279999999999,853.518,3843.2294090301434,651.0422619683206,560.3453005739852,81.69385512496378,4884.555,0.23976518105697764,27.079207300346475,0.14466578838809266,17.473812865245655,0.32128162877948285,0.2922237556803711,0.3012755563360938
1987-12-31,1987.75,719.444,871.044,3908.18678611174,662.0822099877344,570.0502175023474,82.33026721357966,5007.994,0.24796190684358876,27.43027597258294,0.1436591178024574,17.393071956555858,0.32128162877948285,0.29257700127916764,0.30325692190166403
1988-03-31,1988.0,733.398,883.5600000000001,3974.242057799213,673.3093662106573,579.9232190251373,82.97163708446598,5073.372,0.24417163264512354,27.17542948116405,0.14455829377384508,17.41563599121058,0.30342790416038434,0.27507661734592376,0.28728922985409744
1988-06-30,1988.25,735.472,894.385,4041.4137804539837,684.7269051911178,589.967216288436,83.61800335977564,5190.036,0.2501460571566394,26.71162510248326,0.14170845828429707,17.232732104363052,0.30342790416038434,0.27542723653664725,0.2890436904696918
1988-09-30,1988.5,739.281,910.616,4109.720824072792,696.3380553151503,600.1851708580053,84.26940496253621,5282.835,0.25110778525532673,26.82860395043427,0.13994020256169273,17.2372599182068,0.30342790416038434,0.27577258411696515,0.29063936146681935
1988-12-31,1988.75,759.103,929.787,4179.182377588733,708.1460997136459,610.5800955925317,84.9258811189937,5399.509,0.25619239955414663,27.230509972424954,0.1405874126703002,17.219843507993044,0.30342790416038434,0.27611037293232604,0.2920569499444363
1989-03-31,1989.0,774.392,969.146,4249.817954261824,720.154377190677,621.1550555319961,85.58747136097467,5511.253,0.2599158543034079,29.694966954389734,0.14051105982614118,17.584857744690726,0.3056886571471644,0.2786993283222059,0.2955448434553912
1989-06-30,1989.25,793.284,969.994,4321.6473971606765,732.3662831675667,631.9131688014306,86.25421552826703,5612.463,0.26135298912002014,28.100911026078546,0.14134329259720732,17.28285781126753,0.3056886571471644,0.27901617279509955,0.29657521206650583
1989-09-30,1989.5,800.061,981.269,4394.6908847368995,744.7852706429675,642.8576075303253,86.92615377101866,5695.365,0.25925549088311683,27.575068245727685,0.14047580795963036,17.229255719343715,0.3056886571471644,0.27932011805964746,0.2974063463458117
1989-12-31,1989.75,810.689,996.02,4468.968936493632,757.414851169222,653.9915987879606,87.60332655215548,5747.237,0.25156149854069554,27.385621433636764,0.14105717234211848,17.330414597483973,0.3056886571471644,0.2796098499090705,0.2980390014350473
1990-03-31,1990.0,835.004,1001.166,4544.502418749904,770.258595845274,665.3184255349377,88.28577464981817,5872.701,0.2563964214826733,26.21943025054776,0.1421839797394759,17.047794532703094,0.3068217110304703,0.2810173320518035,0.29960968446082015
1990-06-30,1990.25,848.913,1019.299,4621.3125505024755,783.3201363264236,676.8414275911899,88.97353915981739,5960.028,0.25439641246807554,26.33289440231339,0.1424343979592042,17.102251868615383,0.3068217110304703,0.28127558768095307,0.2998580435919523
1990-09-30,1990.5,849.9390000000001,1034.501,4699.420909386701,796.6031658512021,688.5640026207619,89.66666149810878,6015.116,0.2468363440050627,26.131781889166827,0.14130051689776224,17.1983549444433,0.3068217110304703,0.2815170086993112,0.2999242096624242
1990-12-31,1990.75,870.9000000000001,1035.445,4778.849437738123,810.1114402856597,700.4896071336399,90.36518340328686,6004.733,0.22834817746831249,24.54147461848253,0.14503559109122754,17.243814171254577,0.3068217110304703,0.2817411376035757,0.2998164254136945
1991-03-31,1991.0,906.307,1025.464,4859.6204487566065,823.8487791853604,712.6217575049372,91.06914693909837,6035.178,0.21664501083026977,21.891347940790773,0.15017071576016483,16.99144581982503,0.31042196519080856,0.2855479731137842,0.30314431218455
1991-06-30,1991.25,917.752,1031.21,4941.756632774571,837.819066875388,724.9640310117286,91.77859449697564,6126.862,0.21496184856170686,20.768598249770598,0.14979152460101108,16.8309650192872,0.31042196519080856,0.2857369512906719,0.3027179206349081
1991-09-30,1991.5,923.511,1040.4189999999999,5025.281063631178,852.0262535486673,737.5200668878437,92.4935687985888,6205.937,0.21102502906646414,19.976145523575717,0.14881088866999456,16.764897871183674,0.31042196519080856,0.285908432429346,0.3021471757786145
1991-12-31,1991.75,932.9390000000001,1053.822,5110.217205154323,866.4743563829059,750.2935673969313,93.21411289841863,6264.54,0.20366325265614904,19.574632014645488,0.14892378370957807,16.82201725904855,0.31042196519080856,0.2860626825281507,0.30144112683680907
1992-03-31,1992.0,965.567,1067.336,5196.5889177521085,881.1674606764766,763.2882989241039,93.94027018634958,6363.102,0.2025135613118838,19.167341522766712,0.1517446993620407,16.77383137972643,0.3084652064820693,0.28424336702545516,0.2986517994050598
1992-06-30,1992.25,975.366,1083.065,5284.420465115723,896.1097210035648,776.5080930864923,94.67208439028195,6470.763,0.20253107370620427,18.94874017122339,0.15073431062148313,16.73782519928485,0.3084652064820693,0.28436458409210935,0.29770167156890837
1992-09-30,1992.5,992.788,1090.711,5373.736521035698,911.3053623889041,789.9568478630316,95.40959957876562,6566.641,0.20047895791115877,17.970702033654007,0.15118658078003655,16.60987710459579,0.3084652064820693,0.284470330572164,0.2966448649810794
1992-12-31,1992.75,1001.5319999999999,1116.445,5464.562176333279,926.7586815024281,803.638528743818,96.1528601636536,6680.803,0.20095418560577372,18.621159931075404,0.14991191927078226,16.71123965188017,0.3084652064820693,0.28456153560565633,0.29549477352633535
1993-03-31,1993.0,1005.479,1119.051,5556.922945908959,942.4740478741822,817.5571698993715,96.90191090277644,6729.459,0.19145022602516093,17.172790014980777,0.14941453688922096,16.629137646874735,0.3181770705401641,0.29435116492050145,0.30397982917494937
1993-06-30,1993.25,1007.3979999999999,1156.929,5650.844775910223,958.4559051298387,831.7168753701461,97.65679690263742,6808.939,0.18643125588772413,18.82008023202859,0.14795227274029035,16.991325667626043,0.3181770705401641,0.2944167636880625,0.30269676455748507
1993-09-30,1993.5,1016.367,1165.944,5746.354051020355,974.708772247164,846.1218202766466,98.41756362112908,6882.098,0.1803579717070818,17.91476070643716,0.14768272698238238,16.941694233357328,0.3181770705401641,0.2944715429754263,0.30137649415358514
1993-12-31,1993.75,1023.6120000000001,1217.214,5843.4776018704415,991.2372448337861,860.7762520504983,99.18425687027013,7013.738,0.182544697771867,20.536601465693582,0.14594386046356453,17.35471156749796,0.3181770705401641,0.2945169228570364,0.3000374599749779
1994-03-31,1994.0,1027.215,1213.36,5942.242712576739,1008.0459964266348,875.684491686844,99.9569228189644,7115.652,0.18021024157299692,18.537957077727718,0.14435992653940918,17.05198624103596,0.32925086627774247,0.3056281916625735,0.3097721165301532
1994-06-30,1994.25,1031.3980000000001,1260.016,6042.677128405345,1025.1397798134185,890.85093501843,100.73560799578135,7246.931,0.18173092197303298,20.62954454530308,0.14232203949506353,17.386891085343574,0.32925086627774247,0.30565932257284295,0.30845258477041043
1994-09-30,1994.5,1047.047,1269.344,6144.809063566409,1042.5234283765046,906.2800540117572,101.52035929175739,7331.075,0.17651449201797753,19.68560838859119,0.1428231193924493,17.314568463697345,0.32925086627774247,0.3056856369325573,0.30716734235498194
1994-12-31,1994.75,1047.635,1295.742,6248.667209140192,1060.2018574595895,921.9763980856823,102.31122396321989,7455.288,0.17655538479079347,20.062418247829772,0.14052240503653246,17.38017364319125,0.32925086627774247,0.3057086209887135,0.30592686540806924
1995-03-31,1995.0,1066.522,1317.299,6354.280741136972,1078.1800657575466,937.9445954528542,103.10824963463286,7522.289,0.1687417617010052,20.03089327062959,0.14178157738954192,17.51194350549414,0.3295821235229822,0.3060609786102673,0.3050694847781709
1995-06-30,1995.25,1076.8319999999999,1345.902,6461.679328693191,1096.4631367298432,954.1893544843871,103.91148430146464,7580.997,0.15975547933460454,20.497475097368767,0.14204358608768738,17.753627919916074,0.3295821235229822,0.3060816020773339,0.30393713235521513
1995-09-30,1995.5,1082.265,1354.871,6570.8931424062275,1115.0562400379208,970.715465098169,104.72097633307855,7683.125,0.1563765996547133,19.480140371159926,0.1408626047344017,17.63437403400309,0.3295821235229822,0.30610311202905005,0.3028634204048919
1995-12-31,1995.75,1078.637,1372.328,6681.952862809938,1133.964633006949,987.527800171211,105.53677447564498,7772.586,0.15119263798438531,19.078855079246182,0.1387745339839276,17.65600277693936,0.3295821235229822,0.3061268282763805,0.30184932030795847
1996-03-31,1996.0,1099.075,1408.931,6794.889688993449,1153.1936621123737,1004.6313169764617,106.35892785507713,7868.468,0.14669256687406929,20.029606996272786,0.1396809391612192,17.90603965092061,0.3306313507706238,0.3072032540798999,0.30194431812308953
1996-06-30,1996.25,1110.891,1463.301,6909.735347365736,1172.748764491668,1022.0310586445028,107.1874859799895,8032.84,0.15060680205535348,22.134447779081956,0.1382936794458747,18.216483833861997,0.3306313507706238,0.3072351669220639,0.30105013940887176
1996-09-30,1996.5,1112.491,1473.368,7026.522100568217,1192.6354694817214,1039.7321556505647,108.02249874467874,8131.408,0.14604223342618283,21.13853979856888,0.1368140671332689,18.119469592474022,0.3306313507706238,0.3072729712288004,0.30021605333601875
1996-12-31,1996.75,1123.262,1503.8829999999998,7145.282756537999,1212.8594001822876,1057.739827327296,108.86401643212851,8259.771,0.14494447853572012,21.506971751899595,0.1359919058288662,18.207320759861258,0.3306313507706238,0.307317789059815,0.2994425225585009
1997-03-31,1997.0,1134.647,1544.045,7266.050677724415,1233.4262750459677,1076.0593834037306,109.71208971703732,8362.655,0.1405630519962937,22.46097099674289,0.13568023552328773,18.46357406828334,0.333406175872496,0.3101455120800617,0.30150577686685476
1997-06-30,1997.25,1152.0529999999999,1578.363,7388.85979046122,1254.3419094951332,1094.6962255709107,110.56676966887004,8518.825,0.1423049883477674,22.97771738449379,0.13523613878674579,18.527942527285155,0.333406175872496,0.31020750070407566,0.30085899623743007
1997-09-30,1997.5,1148.2559999999999,1615.427,7513.744594497198,1275.612217566275,1113.655849074624,111.42810775493354,8662.823,0.14230669502196314,23.617308400733794,0.13254986278722303,18.64781261258599,0.333406175872496,0.31027950642997626,0.30027997190968025
1997-12-31,1997.75,1154.758,1640.255,7640.74017268797,1297.2432135822385,1132.9438443357299,112.2961558434754,8765.907,0.13737551304091333,23.46103096897334,0.13173286004517276,18.711754528082494,0.333406175872496,0.31036237081209184,0.2997722102165674
1998-03-31,1998.0,1147.439,1666.4299999999998,7769.882200851492,1319.2410138528176,1152.5658985985476,113.17096620680775,8866.48,0.13202287076729746,23.362703196005707,0.12941313802095084,18.79471898656513,0.33500966186976844,0.31206033584004755,0.3009436055739112
1998-06-30,1998.25,1160.941,1693.815,7901.206957790127,1341.6118384041783,1172.5277976077912,114.05259152445471,8969.699,0.12683659193841912,23.311162571160082,0.12942920381163292,18.88374403644983,0.33500966186976844,0.31216709912103147,0.30059281384235775
1998-09-30,1998.5,1159.726,1731.0059999999999,8034.751335482226,1364.3620127376132,1192.8354273145512,114.94108488632521,9121.097,0.12681403089837318,23.801581295218455,0.12714764463090353,18.978046171419948,0.33500966186976844,0.3122867128837791,0.3003294361889158
1998-12-31,1998.75,1171.7930000000001,1759.39,8170.552849445855,1387.4979696181188,1213.4947756118202,115.83649979590925,9293.991,0.12883148748228201,23.74650547653694,0.12608071172007806,18.930403526321467,0.33500966186976844,0.3124196389218507,0.30016029434269903
1999-03-31,1999.0,1180.373,1786.121,8308.649649277666,1411.0262508933079,1234.5119341000786,116.7388901735002,9411.682,0.12465458505422511,23.572895216177958,0.12541573334075673,18.977702391559767,0.33823143438736325,0.315788005912361,0.30331485372082717
1999-06-30,1999.25,1184.353,1807.2720000000002,8449.080529370041,1434.9535093431582,1255.8930998834637,117.64831035944174,9526.21,0.11998932470914347,23.068607499899407,0.12432572870008117,18.971574214719183,0.33823143438736325,0.3159485180163396,0.3033582390717004
1999-09-30,1999.5,1199.469,1838.877,8591.884939809237,1459.2865105611272,1277.6445773970386,118.5648151174,9686.626,0.11992802512697942,23.120743433395585,0.12382732646021433,18.983668823385973,0.33823143438736325,0.31612305630063015,0.3035198979809567
1999-12-31,1999.75,1218.675,1885.183,8737.102997457718,1484.0321348671732,1299.7727802657162,119.48845963766173,9900.169,0.12497315780284524,23.926209968201473,0.12309638350618055,19.04192746608669,0.33823143438736325,0.3163115870623896,0.30380648368524843
2000-03-31,2000.0,1219.296,1961.505,8884.775497223958,1509.1973792532146,1322.2842331953734,120.4192995404572,10002.179,0.11846377558679322,26.21340631412057,0.1219030373281662,19.610776811732723,0.3410214998214268,0.31930399803536386,0.30701359198708256
2000-06-30,2000.25,1257.06,1975.694,9034.94392352256,1534.7893593615697,1345.1855738967217,121.35739087930975,10247.72,0.12595552437487,25.252658258298677,0.12266728599142053,19.279351894860515,0.3410214998214268,0.31951983476832624,0.30756532040250123
2000-09-30,2000.5,1254.7420000000002,1995.8090000000002,9187.650461928093,1560.8153114969557,1368.4835550425014,122.30279014441169,10318.165,0.11604569295245426,24.58411616177818,0.12160514975288728,19.342673818455122,0.3410214998214268,0.3197486633053486,0.30825265632277443
2000-12-31,2000.75,1265.394,2015.4009999999998,9342.93801102602,1587.282594672606,1392.185046258566,123.25555426602527,10435.744,0.11061607151737363,23.87946888747452,0.12125575330326234,19.31248026015203,0.3410214998214268,0.3199898062911801,0.30907287044788634
2001-03-31,2001.0,1310.999,2024.414,9500.850194463806,1614.198692691077,1416.297036149457,124.21574061791148,10470.231,0.09715479892009249,22.644160793577672,0.12521204164454441,19.33495068064878,0.3341317061882042,0.31335261248380264,0.30312935900242577
2001-06-30,2001.25,1333.806,2014.6309999999999,9661.431373205694,1641.571216260343,1440.8266343590547,125.18340702078473,10599.0,0.09261784451747168,20.4782210191941,0.12584262666289273,19.007746013774884,0.3341317061882042,0.3136156288758916,0.30419030563464855
2001-09-30,2001.5,1359.475,1826.324,9824.726657994759,1669.4079051457745,1465.7810736669308,126.15861174579477,10598.02,0.0757648549182317,8.983618770867619,0.12827631953893273,17.23269063466572,0.3341317061882042,0.31388790526741805,0.30535363431179513
2001-12-31,2001.75,1384.2350000000001,1934.971,9990.781922025459,1697.7166303586155,1491.1677121209905,127.14141351803598,10660.465,0.06487917872895643,13.08081496858069,0.12984752541282205,18.15090617529348,0.3341317061882042,0.3141681661683756,0.3066055207613356
2002-03-31,2002.0,1435.416,1787.524,10159.643813830344,1726.5053963815596,1516.9940352070703,128.13187152008308,10783.5,0.059593804267962014,3.473205860708539,0.1331122548337738,16.576473315713823,0.32948128860480086,0.30980459685939016,0.3032794541739213
2002-06-30,2002.25,1475.87,1791.696,10331.359770384764,1755.7823434320694,1543.2676580560988,129.13004539555538,10887.46,0.05242776062050325,2.024811998368392,0.13555687001375893,16.456510517604656,0.32948128860480086,0.3100965109227245,0.3046571251079666
2002-09-30,2002.5,1487.239,1789.909,10505.97803043288,1785.5557497640805,1569.996327689485,130.13599525270868,10984.04,0.0444988787348386,0.24350693919048538,0.1353999985433411,16.29554335199071,0.32948128860480086,0.3103918883775511,0.3060679987808461
2002-12-31,2002.75,1517.242,1801.308,10683.547648038926,1815.8340340087366,1597.1879253034087,131.1497816680542,11061.433,0.034759598548628645,-0.803181736394265,0.13716504904925064,16.284580849515606,0.32948128860480086,0.31068904309442524,0.30749012435817435
2003-03-31,2003.0,1550.552,1812.03,10864.118506367677,1846.6257575548113,1624.8504685926537,132.17146569000687,11174.129,0.02813571669990189,-1.8912295121920053,0.13876267224049407,16.216297485020977,0.3113576254541346,0.29286253910744037,0.29077517242369044
2003-06-30,2003.25,1595.8220000000001,1833.2109999999998,11047.741331697649,1877.9396269694955,1652.992114114708,133.20110884256152,11312.766,0.02370581986266629,-2.4106158684523926,0.14106382117335406,16.20479907389581,0.3113576254541346,0.2931578402453464,0.29214219875343767
2003-09-30,2003.5,1610.404,1761.9180000000001,11234.467707671161,1909.7844964602402,1681.6211596947983,134.23877312899756,11566.669,0.029141073543273777,-8.058741820836257,0.13922798344104081,15.23271738821263,0.3113576254541346,0.2934495094925922,0.2934461122567247
2003-12-31,2003.75,1639.529,1861.4009999999998,11424.35008978542,1942.1693703783487,1710.7460468725742,135.2845210356128,11772.234,0.029996657607561872,-4.247615047378428,0.13927084697772743,15.811790693253295,0.3113576254541346,0.29373585863897855,0.2946714731873345
2004-03-31,2004.0,1674.318,1876.165,11617.441820128342,1975.1034057650083,1740.375363391186,136.33841553548658,11923.447,0.02599922367231855,-5.139095452378761,0.14042231244035389,15.735089022494922,0.3107808564535077,0.29343851321167297,0.29523124604629203
2004-06-30,2004.25,1691.79,1925.673,11813.797142363457,2008.595914940509,1770.5178457294485,137.40052009227122,12112.815,0.024995885285873598,-4.216041116067526,0.13966943274540228,15.897815660521522,0.3107808564535077,0.2937094856142256,0.2962731097337897
2004-09-30,2004.5,1714.565,1983.986,12013.471216968243,2042.6563681373689,1801.1823816778826,138.47089866401413,12305.307,0.024002011183196004,-2.914314966309295,0.13933541032336696,16.123010990298738,0.3107808564535077,0.2939705640962623,0.2972184936873895
2004-12-31,2004.75,1732.1549999999997,2012.478,12216.520136729845,2077.294396178104,1832.3780129593579,139.5496157070095,12527.214,0.025114252488975808,-3.16994773341559,0.1382713666422558,16.06484889617117,0.3107808564535077,0.2942203860462683,0.2980690027197259
2005-03-31,2005.0,1780.71,2163.661,12423.0009425027,2112.519793198401,1864.1139378951307,140.6367361796791,12767.286,0.027336448992084428,2.392024460218245,0.1394744348955604,16.946914167975873,0.3114668291713656,0.29514363909803426,0.2995150298707655
2005-06-30,2005.25,1794.746,2189.273,12632.971639232672,2148.3425194164847,1896.3995141170494,141.7323255464844,12922.656,0.02267185711216335,1.88729016206457,0.13888367840171556,16.941354780317607,0.3114668291713656,0.2953671677610052,0.30019133396823067
2005-09-30,2005.5,1823.453,2234.697,12846.491212251844,2184.7727039494334,1929.2442613267433,142.83644978186854,13142.642,0.02279134165256913,2.259385092115007,0.1387432602972827,17.003407686217127,0.3114668291713656,0.2955758004948972,0.30079197216777726
2005-12-31,2005.75,1841.679,2297.251,13063.619643848708,2221.8206476772566,1962.6578641025972,143.94917537422927,13324.204,0.019750990518339506,3.338621935906172,0.13822056462059573,17.2411875411094,0.3114668291713656,0.2957684566029795,0.3013259863915022
2006-03-31,2006.0,1937.5680000000002,2387.607,13284.417930118634,2259.4968261555314,1996.6501747553348,145.07056932992305,13599.16,0.02341626194378854,5.514946392094977,0.14247703534630082,17.55701822759641,0.3121598839788262,0.29663717167106557,0.3024960554543872
2006-06-30,2006.25,1945.123,2419.74,13508.948098098923,2297.811892577442,2031.2312162330675,146.2006991772994,13753.424,0.017935523338270087,5.170277732000184,0.141428272697766,17.593727932767866,0.3121598839788262,0.29679487641110924,0.302925942075566
2006-09-30,2006.5,1956.163,2463.91,13737.273223193492,2336.7766807860453,2066.411185076647,147.33963297076775,13870.188,0.009628976941232992,5.297702611126809,0.1410336327092322,17.76407068166632,0.3121598839788262,0.2969337168188181,0.30331809042992447
2006-12-31,2006.75,1979.769,2490.573,13969.45744689225,2376.4022083376076,2102.200454426216,148.4874392948958,14039.56,0.005005723576141818,4.692513770729345,0.14101360726404533,17.73967987600751,0.3121598839788262,0.29705283336676347,0.3036811382391197
2007-03-31,2007.0,2016.156,2547.462,14205.56599478978,2416.699679616892,2138.609577079825,149.64418726853896,14215.651,0.0007096814774225635,5.269472878230541,0.14182649813223466,17.92012198386131,0.31269785086254953,0.29768938130716044,0.3045606933700423
2007-06-30,2007.25,2048.527,2562.176,14445.665194908548,2457.6804890052726,2175.649288605021,150.80994654900297,14402.082,-0.0030216035778423134,4.1638882951049005,0.14223825416352995,17.790316705598535,0.31269785086254953,0.297766661945809,0.30488723939504275
2007-09-30,2007.5,2077.197,2548.99,14689.822496332032,2499.356224102585,2213.33051050433,151.9847873362384,14564.117,-0.008594143025201006,1.966401392547823,0.14262430053260353,17.50185060996145,0.31269785086254953,0.29782191757895426,0.3052033871723138
2007-12-31,2007.75,2115.432,2561.186,14938.106488152562,2541.738669003581,2251.6643534355585,153.16878037706797,14715.058,-0.015044107350924207,0.762207024743855,0.1437596780114628,17.40520492681714,0.31269785086254953,0.29785446318558684,0.30551180321973226
2008-03-31,2008.0,2173.992,2521.569,15190.58691873941,2584.839807629968,2290.6621204878784,154.36199696944718,14706.538,-0.03238379754406395,-2.478220924698249,0.14782486537620207,17.145904766981868,0.31202208088399885,0.29718788278005914,0.30513720902767033
2008-06-30,2008.25,2532.458,2500.558,15447.334715332778,2628.6718271189498,2330.3353105146516,155.56450896675696,14865.701,-0.038379865036406,-4.9964802961071975,0.17035577400621743,16.820989470997702,0.31202208088399885,0.29717310900083227,0.3054292682131687
2008-09-30,2008.5,2339.143,2471.9139999999998,15708.422003968726,2673.247121269215,2370.695621523966,156.77638878213116,14898.999,-0.05290297241251629,-7.8301134442258835,0.1570000105376207,16.59114145856376,0.31202208088399885,0.29713380990497584,0.30570820077000316
2008-12-31,2008.75,2328.45,2362.011,15973.922129740853,2718.578294045364,2411.7549541279086,157.9977093928169,14608.208,-0.08937396314603063,-14.05956828126147,0.15939326712763122,16.16906741744093,0.31202208088399885,0.29706946903010856,0.3059676804458962
2009-03-31,2009.0,2430.486,2090.158,16243.909677404703,2764.6781631417693,2453.5254150515625,159.2285443445695,14430.901,-0.11834623924301368,-27.968457030047045,0.16842233204981447,14.483905059011908,0.30922717338358685,0.2941847083084267,0.3034039829307059
2009-06-30,2009.25,2580.389,2055.019,16518.460492330156,2811.5597636068687,2496.0193207027924,160.46896775608067,14381.236,-0.1385542719021302,-31.345431171707716,0.1794274845360997,14.289585401421684,0.30922717338358685,0.2940689187117609,0.30359545368327695
2009-09-30,2009.5,2578.163,2054.385,16797.651701807947,2859.236351528909,2539.2492008038557,161.71905432344218,14448.882,-0.1506220556618434,-33.05780461383492,0.1784333902097062,14.218297304940272,0.30922717338358685,0.2939268440967108,0.3037346652399149
2009-12-31,2009.75,2621.812,2097.7509999999997,17081.561736716587,2907.721407784189,2583.2278020859017,162.97887932464388,14651.248,-0.15347410120814864,-32.65039346128775,0.17894803227684083,14.317899744786242,0.30922717338358685,0.2937582123641897,0.30380792754681446
2010-03-31,2010.0,2739.822,2174.014,17370.270353555203,2957.0286418488736,2627.9680920474675,164.24851862410665,14764.611,-0.16252697576759978,-30.760969852004294,0.18556682597326812,14.724492233489931,0.3088067346602428,0.293142390656414,0.30337985472908013
2010-06-30,2010.25,2762.0919999999996,2229.123,17663.858656848788,3007.171995675445,2673.4832627780575,165.5280486772514,14980.193,-0.16479180644792457,-29.939186622233294,0.1843829381904492,14.880469163514784,0.3088067346602428,0.29292014193659766,0.303275074195161
2010-09-30,2010.5,2765.319,2271.788,17962.409121932393,3058.165647634876,2719.7867348479585,166.8175465351022,15141.605,-0.17083493911194658,-29.724808801202762,0.18263050713580234,15.003614213948918,0.3088067346602428,0.292670998807104,0.3030558618422974
2010-12-31,2010.75,2774.337,2303.078,18266.005618120176,3110.024016525669,2766.892161265425,168.11708984892653,15309.471,-0.17657005934936443,-30.03839593851394,0.1812170387859907,15.043485173328325,0.3088067346602428,0.2923950206253097,0.3027039624377306
2011-03-31,2011.0,2776.364,2356.831,18574.733432265995,3162.7617656508437,2814.8134315023867,169.42675687491192,15351.444,-0.19059269834343517,-29.412770230744822,0.18085360569337972,15.352503647213906,0.29742453586646445,0.28071015847791325,0.2908180891093015
2011-06-30,2011.25,2792.877,2377.114,18888.679292722532,3216.3938069641263,2863.5646755898974,170.7466264788773,15557.535,-0.19401767620735733,-30.237364939326472,0.17951924903270344,15.27950282612252,0.29742453586646445,0.2803810531158302,0.29014293845769135
2011-09-30,2011.5,2775.963,2381.142,19207.931393705097,3270.93530528636,2913.1602682844828,172.07677814102286,15647.681,-0.20500056006343392,-31.74957655593298,0.17740411502509543,15.217219727319337,0.29742453586646445,0.2800259590401448,0.28928342646458205
2011-12-31,2011.75,2789.002,2411.3500000000004,19532.57942006721,3326.401682593496,2963.6148333067044,173.4172919607161,15842.267,-0.20940231609506377,-32.17043873083849,0.17604816280397242,15.22099078370539,0.29742453586646445,0.2796455429682767,0.28823390563692697
2012-03-31,2012.0,2779.822,2456.5879999999997,19862.71457249507,3382.8086223772443,3014.943247653076,174.76824866131508,16068.824,-0.21196333746569884,-31.993292249956617,0.17299473813391697,15.287914037766548,0.29907986385954244,0.28089601658422153,0.28865183140124595
2012-06-30,2012.25,2775.99,2488.837,20198.429593128047,3440.1720740796877,3067.160645982691,176.12972959502991,16207.13,-0.22015358960135956,-32.37059585759026,0.17128202217172317,15.356432631810812,0.29907986385954244,0.28046782837039996,0.287237106081831
2012-09-30,2012.5,2790.017,2510.977,20539.818791611553,3498.5082576031014,3120.282425079817,177.50181674782098,16319.54,-0.23000221937778953,-33.16647450916035,0.17096174279422088,15.38632216349235,0.29907986385954244,0.2800176190613891,0.2856637856556114
2012-12-31,2012.75,2780.388,2587.235,20886.978071590867,3557.8336678962155,3174.3242483937847,178.88459274433623,16420.386,-0.24060229434827818,-31.856210149874276,0.16932537395893132,15.756237399047748,0.29907986385954244,0.27954691395349274,0.28395965198316636
2013-03-31,2013.0,2785.346,2788.577,21240.00495765279,3618.1650796183158,3229.3020506574803,180.27814085288728,16629.05,-0.24473526388824496,-26.043558336671957,0.16749880480243912,16.769310333422535,0.3332360000000001,0.31321359154037015,0.31631866026752714
2013-06-30,2013.25,2780.061,2821.871,21598.998622721967,3679.5195518823416,3285.2320425858816,181.68254499046273,16699.551,-0.25726512072256646,-26.538204697890233,0.1664751944528329,16.897885458118004,0.3332360000000001,0.31270734365825664,0.3144774595758913
2013-09-30,2013.5,2772.456,2847.94,21964.059915920945,3741.914433078509,3342.130715655917,183.09788972778202,16911.068,-0.2614391585168683,-27.30014350505039,0.16394328258865734,16.840686821198993,0.3332360000000001,0.31218615566193336,0.31263198530219094
2013-12-31,2013.75,2778.297,2888.2749999999996,22335.291390901108,3805.3673657796594,3400.014846969134,184.52426029438814,17133.114,-0.26515491894449994,-27.575309671734693,0.16215948834520097,16.857851993513844,0.3332360000000001,0.3116517669253756,0.3108140653556944
2014-03-31,2014.0,2799.687,2990.554,22712.79733465178,3869.8962917298227,3458.9015041985904,185.96174258377982,17144.281,-0.28126387625966665,-25.77690541594677,0.16330151144862826,17.443449509489493,0.33695200000000003,0.31482181219409044,0.31276470972288517
2014-06-30,2014.25,2821.886,3035.1890000000003,23096.683796796908,3935.519456917366,3518.808050621393,187.41042315858388,17462.703,-0.2796216992159746,-25.97691864900291,0.1615950291315153,17.380980481658536,0.33695200000000003,0.31426582692900423,0.31107124666742886
2014-09-30,2014.5,2855.446,3042.8869999999997,23487.058619386982,4002.255416734177,3579.7521502384534,188.87038925576846,17743.227,-0.28044570677600866,-27.405132057889503,0.1609316050569606,17.149569241265976,0.33695200000000003,0.31370121560600994,0.30946210357744297
2014-12-31,2014.75,2856.117,3091.809,23884.031467193705,4070.1230412222967,3641.7517729828637,190.34172879189524,17852.54,-0.29106430116370063,-27.49168737545631,0.1599837894215613,17.318594440903084,0.33695200000000003,0.3131292572758197,0.3079438653799072
2015-03-31,2015.0,2898.4230000000002,3192.183,24287.713858517454,4139.141520409602,3704.8252000184993,191.8245303684142,17991.348,-0.30007964428405387,-25.9783395343522,0.16110093584983184,17.742878410222513,0.3381760000000001,0.313775111210078,0.30774228025509454
2015-06-30,2015.25,2919.645,3231.094,24698.219196515463,4209.330369735858,3768.991029130399,193.31888327699951,18193.707,-0.3056553786677121,-26.448279839432942,0.16047554244992515,17.75940439185923,0.3381760000000001,0.3131918226209451,0.3064072085354442
2015-09-30,2015.5,2932.004,3220.863,25115.66280105871,4280.709435570887,3834.268180208466,194.82487750492552,18306.96,-0.31621035208924475,-28.446941576244456,0.16015788530700892,17.593652905780097,0.3381760000000001,0.31260431620255746,0.3051567486962651
2015-12-31,2015.75,2949.974,3215.642,25540.16194112803,4353.29890082624,3900.675900826215,196.34260374048628,18332.079,-0.33159971522867515,-30.29068989785042,0.16091868249094932,17.54106558235975,0.3381760000000001,0.31201340196391397,0.3039820717755604
2016-03-31,2016.0,2965.726,3211.278,25971.835867757807,4427.119290662056,3968.2337719160696,197.8721533784565,18425.306,-0.3432876692347868,-32.10801107996222,0.16095938922262676,17.428627779641758,0.33639,0.3096337811039397,0.301086202911427
2016-06-30,2016.25,2975.629,3228.294,26410.80584753562,4502.191478290692,4036.961713542988,199.4136185255949,18611.617,-0.34998728316442396,-33.26104490810575,0.1598801974057386,17.345585824165628,0.33639,0.3090380519206288,0.30002875551513136
2016-09-30,2016.5,2999.22,3263.286,26857.195196668945,4578.536690878743,4106.8799907780885,200.9670920061916,18775.459,-0.35798311783005055,-33.864478409443066,0.1597415008602453,17.380592399898187,0.33639,0.3084407336072529,0.2990117411891491
2016-12-31,2016.75,3019.148,3276.203,27311.12931562764,4656.17651554921,4178.009219673963,202.5326673676566,18968.041,-0.3645387760603249,-35.1509491242739,0.15917025906892546,17.27222647821143,0.33639,0.3078422722096526,0.298024230631788
2017-03-31,2017.0,3044.3860000000004,3227.871,27772.7357243711,4735.132905485351,4250.370373343554,204.1104388861537,19153.912,-0.3715478333794753,-38.31870082005402,0.15894330098206574,16.852280620272246,0.339712,0.3105650465994211,0.3003789892711416
2017-06-30,2017.25,3067.54,3274.488,28242.14409817166,4815.428186138141,4323.984788144245,205.70050157227809,19322.92,-0.3795233778187459,-38.566344785550655,0.1587513688407342,16.946134435168183,0.339712,0.30996537445851796,0.29942509445918736
2017-09-30,2017.5,3090.281,3326.365,28719.486304043483,4897.0850615389145,4398.874169969088,207.30295117677667,19558.693,-0.3841560153373873,-38.676002652110064,0.15800038376797468,17.007092447332756,0.339712,0.3093654850515251,0.2984784637476376
2017-12-31,2017.75,3123.8559999999998,3369.9930000000004,29204.896437786312,4980.126620719088,4475.060600646999,208.91788419631476,19882.965,-0.38447304646537717,-39.05446493497582,0.15711218120637438,16.949147171963542,0.339712,0.3087655252223684,0.29753445107219667
