DATE,factor,hprx6m,hprx12m,hprx18m,hprx24m,hprx30m,hprx36m,hprx42m,hprx48m,hprx54m,hprx60m,hprx510yr,datealt
1953-03-31,4.386894710081393,,,,,,,,,,,,1953.0
1953-06-30,4.14729097615203,0.12083665495161153,0.20732506381118887,0.3035516552003632,0.29174755265097496,0.30827798598475714,0.3646046606104142,0.44196407262305554,0.4532094744438341,0.4103831706819019,0.4982542617989004,0.4848116251765286,1953.25
1953-09-30,4.258057593174763,0.14078085115192618,0.19002518263266197,0.2834687622080621,0.29007693744735186,0.29548615069334744,0.4588655344913835,0.5712862393756687,0.4659205741566306,0.37988902841150907,0.4747897764453555,0.39005745525400626,1953.5
1953-12-31,4.332494544878582,0.14517192873647758,0.1814281439175821,0.2673382568442909,0.2816626973519772,0.2853037252773894,0.4371943951943242,0.5413487923411132,0.4843876580674714,0.36821694682570183,0.4540031388846512,0.336052180470824,1953.75
1954-03-31,4.889586106892681,0.15417309166963866,0.17775014131559283,0.31058408482440136,0.2750218162137061,0.2829681541927261,0.4082855085936655,0.5005577333995849,0.46774444726970865,0.3648640086645171,0.43820825707768274,0.587133071117241,1954.0
1954-06-30,4.471821545145389,0.13874063319374352,0.17652373111523229,0.3315781996895828,0.3283221662747116,0.3345047967694507,0.3906275095259797,0.4648762173100378,0.44774580343353043,0.36347929257225575,0.4184637305924825,0.4275151284599404,1954.25
1954-09-30,4.1116314939712275,0.13246802917836775,0.18775458875509057,0.31372001772663216,0.3216967588024336,0.3312130702116992,0.3979010914035289,0.44427594454652913,0.43587420520015235,0.37713139394428513,0.3961088702311724,0.32328847078055795,1954.5
1954-12-31,3.891824273895728,0.13573928844100214,0.1984993370631149,0.30904088935123925,0.31307104272965114,0.31969133889394685,0.39217823458418166,0.41739356619678836,0.42851584279166177,0.3767983897173529,0.380999928723247,0.2596178816576319,1954.75
1955-03-31,4.0258664368287915,0.13562788486906374,0.18079594504161609,0.3102811635822023,0.30039473801975625,0.3388902959530067,0.3839145362755539,0.39732674323911216,0.42144099030522014,0.37001856206250044,0.3652486048778968,0.31397238461428867,1955.0
1955-06-30,3.830096061363893,0.12707270258467834,0.16690044728820372,0.29983263683440775,0.290033764556476,0.32305629712969935,0.3699835838555708,0.3815299039724503,0.42227073737761844,0.40857644861423037,0.35450669477335867,0.2634000582287153,1955.25
1955-09-30,3.6327951285734734,0.16382192247309976,0.1766367552646182,0.283132774715899,0.28378555318952714,0.35239739825008587,0.35861742425456683,0.3644110757192369,0.4137698525457759,0.3819721012803782,0.34808643355069246,0.24957200445008862,1955.5
1955-12-31,3.5047826595951768,0.1660676213801055,0.2257190109106143,0.29606277931374403,0.294383600351072,0.34877219146720223,0.3795839006155825,0.37006577279470176,0.4103636751713644,0.4276706914941854,0.42579054853520526,0.25123428990540037,1955.75
1956-03-31,3.4079620140037914,0.14905462508106587,0.25376732719328143,0.30297888827303465,0.28538297452943096,0.3295477405739578,0.3655090014770981,0.3654491201891193,0.4102179884724394,0.39202008515022074,0.4029251507371937,0.2632843872004176,1956.0
1956-06-30,3.2596654110160537,0.16185411974714606,0.23541384348908928,0.28731061218189563,0.28829526026243885,0.3181207444774407,0.36100009377553405,0.44153293180454334,0.4392963553133304,0.6007609016650322,0.501039536825363,0.2574462330751499,1956.25
1956-09-30,4.432134739443219,0.15210807446394783,0.2190716931027408,0.3351805617405019,0.2807674861620177,0.3123432313741187,0.3725569393462211,0.4173349981327173,0.5016114562058768,0.49380419652529783,0.5276215257635289,0.3440351124825226,1956.5
1956-12-31,4.591363175029804,0.14676690584281527,0.21069914288242064,0.3573985013449864,0.28242836885566386,0.3485024266236561,0.37887235105948663,0.47006122240097964,0.5224591130676207,0.7276658316041509,0.6029945466135218,0.2757642538578507,1956.75
1957-03-31,4.613746027062733,0.13525474234829943,0.23648942238150816,0.33391715205398365,0.28378029687711337,0.3879918142348786,0.36816509485352034,0.49262987244473644,0.5964529968464577,0.8916805899570774,0.6151710961420414,0.24238380102760274,1957.0
1957-06-30,5.599632541212112,0.12597186830168666,0.2772612173157749,0.3588349285043054,0.3599593050726093,0.43681365010396267,0.46399686955857367,0.5410287530499949,0.5784596172817053,0.6245081402749972,0.6164052933775228,0.265754273776938,1957.25
1957-09-30,5.04145669784992,0.118833220736543,0.2700649523587017,0.37806777694423427,0.351291888830987,0.4038706335085438,0.46159085193845056,0.5051692878486121,0.5676545543370431,0.45587828785786655,0.572976606233751,0.30076431692466205,1957.5
1957-12-31,8.59464058166271,0.1134767692830226,0.274290903508113,0.3769107523631281,0.4478686184080605,0.3756684113864599,0.42984341495358863,0.5158123676454272,0.5405130264268613,0.3946454187776837,0.959875721228072,0.3584532309118056,1957.75
1958-03-31,7.9708392209767425,0.20294326163937867,0.3687924614082858,0.42518580428938213,0.4626869036649002,0.3969565749566147,0.49693041482227013,0.49085077752722756,0.5307735019756268,0.37093049774758535,0.8804126788626954,0.33063673466981197,1958.0
1958-06-30,7.033325866485644,0.17428308619740385,0.43422402675888716,0.5705052433628738,0.515151206858756,0.47213811658005467,0.5356914415052139,0.48924703029684036,0.4908693031243386,0.37533883231900034,0.8062940933144473,0.3788630875209507,1958.25
1958-09-30,9.072518836375387,0.17945738355984336,0.3851552497874922,0.5986428267220864,0.5264321460441577,0.4955324714762299,0.484006511620844,0.4950926989398911,0.46359854571063847,0.49072206965524845,0.7771992335416842,0.2986128003978661,1958.5
1958-12-31,8.002192773914032,0.15535862632112046,0.3366483966463618,0.5303513053608734,0.5567049874530489,0.4939195899955925,0.45770900069658177,0.5201908719514183,0.4759113075405015,0.6168880831075663,0.7292505415021805,0.35240032065061333,1958.75
1959-03-31,7.12739839136903,0.1376704428179436,0.30777148298437124,0.4665357632898466,0.5558080658785343,0.452876292468946,0.44609038019434666,0.5322177010624372,0.5284096796369031,0.4789682892004005,0.6722283566177044,0.3490721071266513,1959.0
1959-06-30,6.883197562004576,0.1263902053998608,0.27573979286845157,0.4227335273321853,0.5175035484929386,0.4177744358958386,0.4465286612141918,0.4950139329398734,0.4963435999378346,0.42728886422987533,0.6380870752602098,0.2742692901455013,1959.25
1959-09-30,6.413449138477799,0.11919679816962589,0.264854318044338,0.469246898244882,0.4846101911451776,0.39870915575951477,0.4777973116733369,0.4708888174952139,0.470890695466135,0.39470570962297713,0.6166657940541211,0.23981205803627195,1959.5
1959-12-31,5.825602487449527,0.1178639462462537,0.26628012789690597,0.5030669511920216,0.48320418376561425,0.3771175808485644,0.5724780836632081,0.45654485246531923,0.45651565073380035,1.1108832094015944,0.594970498584389,0.25081450837257,1959.75
1960-03-31,7.517847251770008,0.1181115660954774,0.25232519095704253,0.4663032829310089,0.4591107198548781,0.35424176631051274,0.5370453874426211,0.47900864510230834,0.4395399495835716,0.8266246865820445,0.643007595362216,0.23629035987980168,1960.0
1960-06-30,6.8017123466328995,0.18685588743390458,0.27792835562105844,0.42792013834878456,0.4374394889768334,0.35162734991008243,0.4933877258923218,0.4790897555672873,0.4322468691056275,0.5887180111434095,0.5944513372483983,0.3433186489980913,1960.25
1960-09-30,6.652075838919809,0.1992520443763279,0.3192470737161354,0.3925596527689311,0.44263178823409977,0.3410890155600947,0.45536731586315676,0.45446315653722047,0.43163643156642784,0.46081465319254866,0.5501141685170362,0.2854396147029061,1960.5
1960-12-31,5.969677082336223,0.19144572219814213,0.2939177085494804,0.35879809277066965,0.423187059397232,0.3341140354771228,0.4520395882007475,0.4675462070810703,0.43260737342106453,0.5078215712132387,0.5885206614630167,0.2602096371917862,1960.75
1961-03-31,5.378845947893185,0.16451717316591868,0.26338926746324137,0.3303692210739986,0.4121567433912329,0.3170781683790406,0.42163389493079595,0.4379607265432672,0.45125519005424314,0.45885710409454855,0.5810827793997762,0.31480395772380887,1961.0
1961-06-30,4.952842949247536,0.15917371600490768,0.2422868668801253,0.3237201106499789,0.38388620072704116,0.3095036895533858,0.3963162411818256,0.41154917758982346,0.43401991994559586,0.4102166137462683,0.6281506782529028,0.296065578037039,1961.25
1961-09-30,4.49527763051664,0.1416845162083634,0.23158834090799696,0.3137571528149087,0.36015306680764314,0.30603067379178706,0.37780553182124926,0.38942823722785236,0.4233299422576378,0.4994190422602921,0.5833975844464391,0.313114887372879,1961.5
1961-12-31,4.167238132344113,0.12831201435128933,0.2043640540805109,0.2959036919607199,0.3521455127158455,0.322138385984931,0.3809932084422809,0.3848831146878402,0.4178602144366859,0.596346329417454,0.5413480880439484,0.3619594507320078,1961.75
1962-03-31,4.335527229964344,0.11866152530612452,0.18694269267916416,0.28008064138895794,0.3330726628573806,0.3080265433049145,0.3704625490716843,0.37628428187518137,0.6247231775547538,0.4712954353595878,0.537037092286841,0.42116002836802713,1962.0
1962-06-30,4.158537225507019,0.11448491828960934,0.17537570554107904,0.265111421552258,0.3318690368148321,0.3018786127525934,0.38125998714748704,0.36179378999977785,0.9211795029732527,0.4645371243105357,0.9174262355046144,0.4106388095363633,1962.25
1962-09-30,3.966397968648849,0.10913584566933603,0.16619202658074753,0.25789015344545785,0.3327007151687387,0.30420614031639126,0.3745162572137755,0.34771820062283837,0.7950872423862646,0.40254105251820077,0.9544843157280616,0.3200188239394361,1962.5
1962-12-31,3.6802973759927555,0.10843381964706145,0.16687015113281434,0.256833983536164,0.34719184290643473,0.3044237606446384,0.3801020771962356,0.3402974664133709,0.6910862481364389,0.4208096805494626,0.951657928730459,0.6922936103919975,1962.75
1963-03-31,3.4979238342019765,0.10539595051590887,0.16594382038264763,0.2740357081715579,0.33930319062255654,0.31614059344346246,0.38227737281303353,0.3474064041428047,0.6135887734472987,0.40154009391999024,0.8695613375060026,0.4827231192111422,1963.0
1963-06-30,3.379441654496407,0.10399609723277001,0.15619465011981817,0.29022406467681094,0.3225404740903886,0.3027814939848502,0.3682179202623858,0.34377396951330236,0.5534937646730685,0.37821552712163864,0.7966718690073606,0.3729124502157295,1963.25
1963-09-30,3.3290967293962184,0.10656902972120197,0.1602380524331479,0.3028112780925434,0.32434765013952943,0.32584896021920573,0.3575767936248518,0.3377777382288425,0.5077477097587852,0.3791611478211893,0.7337141191775142,0.36234876221086,1963.5
1963-12-31,3.3076465112545153,0.10614610027127129,0.16784535445051893,0.30181791051686063,0.33863423189847497,0.3178843731822416,0.3555582045589783,0.33046013730329943,0.47476504154195,0.36825096646120564,0.6740809408738381,0.35793949022778243,1963.75
1964-03-31,3.2826716617845038,0.10493980598431964,0.15972208201666718,0.28666211143803677,0.32153248908117843,0.3044814052905743,0.35360945229543667,0.3218505546281909,0.4531191281985559,0.3642482855923162,0.6207989095955887,0.2819351606750829,1964.0
1964-06-30,3.1658309075367077,0.1049833109229562,0.15146155290256796,0.27740694066753446,0.3234395221118743,0.32148953559198545,0.38523307073406693,0.36234520115262586,0.44801200359508947,0.4470650529948545,0.5862914260370776,0.4140163835953268,1964.25
1964-09-30,3.081065559500598,0.10740730417481546,0.1465899693195068,0.26759848953591236,0.30914146649943275,0.3064719639584967,0.3793475220710828,0.35091381655099285,0.46858810271709445,0.4447001997738264,0.5577008715086316,0.37486663451043506,1964.5
1964-12-31,3.039167077435721,0.14873786945452164,0.14588048559727707,0.25540297428962194,0.30136294115893253,0.294865881933136,0.36992306134781355,0.343247185018056,0.46128014348038787,0.40594171859024175,0.5195899849392016,0.2998881431536777,1964.75
1965-03-31,3.0146813911845074,0.13271079960279078,0.15265473790501513,0.24761250585555367,0.2915624911241842,0.28802700236107426,0.35976940840528354,0.3399111992008842,0.44772745716820717,0.44149073626096447,0.4923587858636425,0.4312033790984021,1965.0
1965-06-30,2.9694951497370847,0.13034717200133314,0.15635304655161786,0.24694583960782357,0.2980844373924607,0.30346655778661763,0.3726832602116289,0.3457957796547691,0.4370816815866699,0.684798553039875,0.4665156846717775,0.42246360980147346,1965.25
1965-09-30,3.2054899032080124,0.12296756812724169,0.15811807517292625,0.2525809061114742,0.30607628296660094,0.3154791023319354,0.37108747391959324,0.3380507767658053,0.44605016429362926,0.529865681816107,0.44106293829656196,0.3116493517042017,1965.5
1965-12-31,3.9552709229071272,0.12355675418701405,0.17455021181964078,0.2778171292850299,0.34168426947984876,0.3977056152719679,0.46568678190834667,0.43152314367961714,0.4577161692550324,0.7349061270334236,0.4629338977882634,0.3560004325457219,1965.75
1966-03-31,3.717375861264113,0.1151799733404611,0.17853964249957782,0.28769185646097706,0.33680431789198045,0.4149262151852579,0.4776867944435714,0.4902607252129931,0.4493757890504276,0.6768511365312974,0.4375157202697811,0.27624359664509335,1966.0
1966-06-30,3.8940186859326453,0.10948164982938402,0.16712127541762392,0.37387121814864543,0.325020536882001,0.38627873171555316,0.4442844892067335,0.49208363987358594,0.4485427005799435,0.501605721072565,0.44918528157972865,0.2783711482430065,1966.25
1966-09-30,3.9708962363282243,0.13565665373319327,0.19339020073004246,0.4921787826609867,0.36428388616347157,0.362862193292777,0.4678296442383938,0.4642637013223316,0.4468238309183501,0.5230923107679936,0.49132060061451044,0.6133857970865416,1966.5
1966-12-31,3.85091302750518,0.12422059898513564,0.23019855979615605,0.507439828161749,0.4476408253343733,0.41644408555407203,1.0804633307315825,0.5520362815630099,0.48582602394826624,0.9884134969015265,0.6541308319717822,1.0269101060580643,1966.75
1967-03-31,3.751407641335364,0.13341737663825542,0.24345757261904943,0.49433974612025294,0.5012558291941519,0.49396723764148825,0.9265447861873655,0.7209941810285845,0.6340454466588396,0.9173878502477367,0.7449865908869879,0.7722268373586532,1967.0
1967-06-30,4.979193003971225,0.1569850881529942,0.24207715864653023,0.4655472886169235,0.47282192643034293,0.47986280998621156,0.8193433447527506,0.6867144698378628,0.7306206840033079,1.021439827884895,0.9445470452022905,1.0001735456593877,1967.25
1967-09-30,4.580485708656325,0.14324430319012962,0.21723856388821128,0.4141636338259463,0.4375851473824011,0.5961294671003411,0.7146295916124418,0.6485482506326079,0.6959998576051306,0.694982602739503,0.8835675096819301,0.774797144647029,1967.5
1967-12-31,4.646827249543667,0.13094971514255488,0.20207952156311937,0.3716602144171962,0.41848815436367304,0.5588807016270596,0.6428616055055997,0.5934100437621843,0.6144273656962403,0.4985818342075082,0.8696521371724332,0.528641859974806,1967.75
1968-03-31,4.241939448520628,0.1209581438925172,0.19843279801896713,0.3585180207823011,0.38862999000412307,0.5289310550068169,0.5745584310111169,0.5452963491471369,0.5554653535542946,0.42591619029941874,0.8972315778694909,0.37236070238327695,1968.0
1968-06-30,3.918099828003475,0.12619156098746911,0.21044654906467616,0.3639817567030541,0.368482265061035,0.4832734534398804,0.5220552756734786,0.5197425488336734,0.5289932629557805,0.5499859722509224,0.8362621279497878,0.3909425682675929,1968.25
1968-09-30,3.690475936828128,0.11699630479643534,0.21295021830395353,0.37183785677173037,0.3893151506901876,0.5214749453472046,0.49488346341986156,0.5362891799485294,0.5419237452897259,0.44850536008460085,0.8611374921402586,0.6524278849888674,1968.5
1968-12-31,4.9595306696838986,0.17424894710028502,0.27316556573367873,0.41093671875838983,0.5066297542642093,0.5988725765833051,0.6101110454286534,0.6307362030494335,0.5838399190397405,0.5786138853752686,0.8406373918967799,0.7839613073112959,1968.75
1969-03-31,4.727629029153352,0.16817170664708916,0.3218797850962483,0.4116349439929001,0.4996508476869743,0.6102328642408581,0.5945268162589092,0.5906019296139712,0.6759572520410569,0.9966933496935821,0.8026171255793376,0.9303347774647801,1969.0
1969-06-30,5.4738330099091455,0.14683508576745813,0.33731699023929,0.49391026005180827,0.5930506231680674,0.7161915112416753,0.7493982729848911,0.7795535697499977,0.7423873586138189,0.7606569541891066,0.7576900603383258,0.6090637669452439,1969.25
1969-09-30,6.467605929866722,0.16136218485945697,0.3824965734488357,0.5464874140978939,0.5393824800069096,0.6888381000227352,0.6679955613365715,0.7198442890112697,0.7793104075794299,0.8323808890122745,1.2730676481120164,1.0981843133499989,1969.5
1969-12-31,6.010428287110014,0.1485932462627154,0.3588234664756092,0.5043336804197058,0.5017128039662926,0.6332456197562325,0.5926048068499354,0.706758753282467,0.9526535870080447,0.8997948589815113,1.1633405010695443,1.120736324534805,1969.75
1970-03-31,5.721882314101298,0.32701640011467914,0.4974413291887092,0.5786045062183979,0.8295444493005361,1.1799946442073297,0.6679514397551898,0.6614356350910354,0.9297045241213647,1.3898153799850075,1.4462378051671214,1.098114375159646,1970.0
1970-06-30,5.660563534822427,0.2971741746153687,0.6107215333433748,0.5929004737205127,0.7455864558777678,1.0677075656981634,0.7834561813358246,0.6291730650847869,1.0531719798014445,0.9467084301409557,1.3154821279197104,0.8926807606055266,1970.25
1970-09-30,5.365727917272585,0.3198483869989225,0.5255781935102863,0.5837939079215807,0.8207858135681642,0.9837962091083736,0.9260003006013108,0.6355788057137385,0.9083216539773744,1.1897321932482852,1.3141448779132285,1.0533648677351546,1970.5
1970-12-31,5.8331754544471055,0.35183625378924654,0.5918373914560412,0.736727170561087,0.9149924403702353,0.913737540860871,1.1807811242557529,0.915809688179949,0.9390211469429272,1.943214261882664,1.5824412655068896,2.177739496598852,1970.75
1971-03-31,6.50970541630608,0.2985227461017021,0.6547047168890477,0.8083072847472108,0.8857027744022149,1.1372442270847387,1.378728766138856,1.1909695279656194,1.2308733017251312,1.6918380781599323,1.458280190372989,1.7158175557583275,1971.0
1971-06-30,9.038844455412594,0.25417252106524707,0.5612172633140452,0.8256461275535707,0.8033237253682637,1.2277132819692316,1.5404715827771336,1.3814765681685643,1.3265335270114704,1.801660288049202,1.5241222225852973,1.6874200636950718,1971.25
1971-09-30,8.654831557567116,0.21103102065420132,0.4920637510640457,0.7860832682050684,0.7338183889966168,1.2782800362271658,1.4141421013692965,1.3744151638373434,1.3370015997372466,1.1909234328331957,1.5283340657209223,1.876058767574625,1971.5
1971-12-31,8.027943677781447,0.20064031801460397,0.4455915790375922,0.7484137424556665,0.6848631008974254,1.1719739141776258,1.2481943212459488,1.272723162169033,1.2292089880717356,1.0250543600091881,1.5020928703415926,1.1961480994387155,1971.75
1972-03-31,7.318651677560565,0.18006418144445147,0.41235376947011965,0.6905185493432997,0.6515958059183484,1.0480451573862573,1.0768525726642828,1.176919422295296,1.0526064788903973,0.9061334899543511,1.40877212961815,0.7851549825837175,1972.0
1972-06-30,6.568706025220526,0.1587260023921056,0.3486811748189969,0.5964929232917673,0.5971298427163279,0.940021544645355,0.9229167743102681,1.0588778436129493,0.9169122512869281,0.6127511888395439,1.2803374917739154,0.5324357275912217,1972.25
1972-09-30,5.918202491054711,0.14886127202291527,0.29537222355309184,0.5217881782919115,0.5442142935703624,0.8442355482956846,0.8041191871923189,0.9533224381692312,0.7846707989982526,0.4519273977917808,1.179895645719439,0.3724775350375945,1972.5
1972-12-31,5.336209983536709,0.13943454559616505,0.2573971470768562,0.45935813927302543,0.5034738146412918,0.780429994658459,0.7296048364069881,0.8715474600700972,0.6902969755790413,0.4633356805964548,1.0813257704481423,0.2856087942079377,1972.75
1973-03-31,5.740839786790328,0.17690021719190577,0.28664640644626577,0.4889484823893332,0.5593108432323067,0.7480401218343562,0.6909056095517032,0.8030643270625056,0.632032311395673,0.5919432672353928,1.010624271959736,0.3248733046340845,1973.0
1973-06-30,5.302255339162468,0.1821761851122765,0.3532564512736644,0.519839722391907,0.511711646938464,0.6752940553955179,0.6072423828822835,0.7282813569352543,0.5682252813320662,0.5441675979869618,0.9398979214279004,0.38406636533800015,1973.25
1973-09-30,4.798528436711284,0.27329467427092297,0.35536097736729744,0.48023173516459916,0.4702725988083062,0.6472380495950093,0.6082503968081111,0.723884432338182,0.5805434943126656,0.44443684949583456,2.2447219564453573,0.4173869730075236,1973.5
1973-12-31,4.5431060715481415,0.23118530333339693,0.30752570009218644,0.4271191876547899,0.45752937310648883,0.5862444820242869,0.5427451426917542,0.6694071285345993,0.6724671489064205,0.40099990819158027,2.0369712582083324,0.7329260450909182,1973.75
1974-03-31,6.369502578622961,0.21267423748630618,0.3025042529848241,0.41591772641976354,0.4818005302684328,0.558986825802553,0.5635599017801167,0.8912061796419343,0.6092045516309019,0.8999370495341839,1.8494862900983697,0.5355868181057566,1974.0
1974-06-30,6.470343433497608,0.22714606693234546,0.3126029560736248,0.40510251366355426,0.45268468112422583,0.5138766264618997,0.5101755744144163,0.8176808181430251,0.5773360848315267,0.7091852527328386,1.7757151107316353,0.5552679979669686,1974.25
1974-09-30,5.76072350430521,0.299363531601569,0.34711511594083,0.3872056253440671,0.4507471536416899,0.5359061351419548,0.5105049578730971,0.8137333546163,0.606130669430894,0.8872680583650894,1.6648613195315163,0.412561550307022,1974.5
1974-12-31,6.616587512795179,0.2516825207101786,0.3888450140758278,0.3625962146450184,0.41817114588229015,0.48910328311121043,0.4712450946754184,0.741318003874609,0.6471307497871522,1.6043791150776219,1.5177960762237444,0.4578047246927243,1974.75
1975-03-31,5.883855938769646,0.2864633701984385,0.4348783034987908,0.5582956169694887,0.6682711792066577,0.6548780857225784,0.6327512896535032,0.7157218360531445,0.5881475283685634,1.0938432312544004,1.3790632153778317,0.6254299222596283,1975.0
1975-06-30,5.266612595638023,0.23646174085218646,0.4926701659528541,0.6193856901815299,0.622171483703653,0.6250494872948666,0.5667494293499763,0.6887977733869158,0.5689245046790554,0.7416185848740088,1.2655877746764161,0.5226211859018881,1975.25
1975-09-30,5.9649500122949215,0.2047406853080421,0.4178773625666159,0.5470627020216206,0.564213900828792,0.5667217006959342,0.5107024001159572,0.6292543899731114,0.5609731908411537,0.5095419661310668,1.1992619219982232,0.3723800005191072,1975.5
1975-12-31,7.875481825415749,0.2033589302735058,0.3840841441351534,0.550538883363714,0.6013054067463821,0.5838621448641099,0.5389513504359363,0.6087085051627723,0.5204215795858141,0.42537334490126577,1.0968299176492786,0.4215741594215739,1975.75
1976-03-31,7.144386362159889,0.17521718467428654,0.3616471375502166,0.5360365115503481,0.5469929675339508,0.5310462894518645,0.48654203282494657,0.5597589609679652,0.5039336847238785,0.4107133631745693,0.9996632187582506,0.356393577743755,1976.0
1976-06-30,6.343540581949154,0.15178572833066292,0.3093024328797302,0.47596307868252113,0.5000648540408853,0.48524378627112674,0.4520319668850404,0.5163017547963338,0.47338676395689094,0.41090024036372524,0.9150160775120214,0.2790214664628481,1976.25
1976-09-30,6.529905636244617,0.13512905232721056,0.2747682610328623,0.44016813245440345,0.4929797940841299,0.47420762248050924,0.462159116401951,0.4837264139985041,0.463494211281085,0.4485414756578975,0.8609796347298447,0.29069972531516347,1976.5
1976-12-31,8.131047138637978,0.1231101595959847,0.25370156598649785,0.40489585028994,0.45238801930484496,0.4375276400165116,0.4326001888965781,0.4508340842050234,0.46186331301726724,0.4036157817485491,0.7876579385573768,0.2836755629807887,1976.75
1977-03-31,7.870114573532799,0.14769757129860944,0.25922970272912577,0.4013494337182714,0.450853115165439,0.43139207747184555,0.4384334040789626,0.4307119101628803,0.44263070636336066,0.3778390637990026,0.7242355904511812,0.35042891926900166,1977.0
1977-06-30,7.133624748990339,0.18665830961206023,0.30274702414364746,0.40251580764900585,0.45512804568740284,0.42521279330389294,0.4194545329363081,0.40607242584678177,0.42803001783050754,0.3896414070166048,0.6679312529231186,0.2915137128220862,1977.25
1977-09-30,6.539063727251557,0.17219966050471044,0.3215899058339441,0.41972129912735534,0.4714424110946636,0.47542387225326055,0.5285370761730319,0.42706347813059287,0.427666768894725,0.40177313290787514,0.621264865893302,0.2933998742461753,1977.5
1977-12-31,6.309347051749956,0.16618908415908765,0.3118973090895636,0.418725163240096,0.4443964661287592,0.4750777989989003,0.48967262752387386,0.40355132748322814,0.4385865127089649,0.38387862676985823,0.5753018332166312,0.24926703282919407,1977.75
1978-03-31,5.984971784096302,0.15431078328239925,0.283621103010558,0.3834215578179226,0.4109361497857424,0.4365823884803844,0.448240976649213,0.3870317846759332,0.4265181035818313,0.37181519537796615,0.5433019687566604,0.27418360644406486,1978.0
1978-06-30,6.137928020727016,0.13806042866336932,0.25273981003218987,0.3498639125924585,0.3853318611944991,0.4163060768090688,0.42571117947046305,0.385688104903468,0.421460318860373,0.3741616009480285,0.5196355398051218,0.23585369348943008,1978.25
1978-09-30,5.496669774590896,0.15988822359200336,0.25653645566566485,0.3615516451653899,0.40909617515498337,0.3995933206650213,0.3999908683470847,0.37064414249456756,0.41359681016364097,0.3738071152175497,0.48767060508623156,0.22819647945252744,1978.5
1978-12-31,6.995447407831284,0.14064570108659943,0.30017676740384924,0.4608328051170862,0.5260571019871577,0.6066627283904822,0.5788639086567364,0.46955391835234905,0.4100660044006087,0.4475400617641445,0.47151086947140525,0.28509980547403363,1978.75
1979-03-31,6.207512774813707,0.14942361671384843,0.3233356383381721,0.5148500040772517,0.4996313315554817,0.5542424285373575,0.522676224586892,0.45119852058733795,0.4128098630887696,0.41460772262375645,0.4419829648909231,0.25456463185917544,1979.0
1979-06-30,5.948077105512607,0.1354422008170808,0.31063381072160184,0.4882462880242202,0.4916213258371675,0.5442570879901802,0.4751713935147121,0.4228770712021455,0.4113592064636571,0.3783884756454362,0.43953243902898664,0.26801343820097384,1979.25
1979-09-30,7.384215699474639,0.14339767259038608,0.37156817652665863,0.5799120998578624,0.5242372445857746,0.5657717973319345,0.49138486176678836,0.4549360592924566,0.41113400945130435,0.37055583971600536,0.41811397417023166,0.2547822354139684,1979.5
1979-12-31,8.593311299991804,0.14007646999998302,0.4396544868591986,0.596158260080612,0.5139289905512064,0.5315046775431849,0.4495207919570506,0.44031404595517104,0.42303281895060857,0.4298234164006053,0.44974801569330464,0.2606142579812978,1979.75
1980-03-31,16.82258866895435,0.27638607573470314,0.49991494788551494,0.759613201950808,0.7093329763585817,0.798296810824799,0.7869124727496764,0.4213849817092757,0.4272832919199763,0.5006561758714754,0.4733399704115596,0.5236886273648537,1980.0
1980-06-30,24.354696742954918,0.6682735103559125,1.062123871257911,1.4357627325218487,1.32556777019016,1.4886435471317638,1.298847497804711,0.4777275335291757,0.4481920538917502,0.45318493271896765,0.6177102174820535,1.0465497739083924,1980.25
1980-09-30,24.477818291987656,0.5411490206617562,1.3745444170224752,1.578861278840869,1.2125884802983813,1.3333710739309836,1.1061818343049872,0.49716422737258614,0.49680606936791,0.5865975080886561,0.6048139990220175,0.7355595561584802,1980.5
1980-12-31,21.482574916658404,0.6045096730671538,1.2400578004915124,1.3790360869939824,1.1349764965866835,1.231515358744048,0.9681518313380473,0.4798996925018784,0.5443672126774437,0.5089122487726162,0.5616473949754118,0.5051814353430556,1980.75
1981-03-31,19.166726277499983,0.5672375421920447,1.1634814283831383,1.2126592853665887,1.0335566419144955,1.114088353362377,0.8544067425880201,0.4475181117238967,0.6508808970727882,0.4874734616779447,0.5429680923978895,0.6606176782491577,1981.0
1981-06-30,17.37624557694643,0.5426970354898049,1.0581859735625974,1.1099436023060532,1.0556431938677142,1.0916273622036974,0.8157299175295271,0.45007922116703536,0.5943297034213773,0.5224633340691762,0.5390946038309911,0.5138459164335132,1981.25
1981-09-30,18.534924110388978,0.5937452876174478,0.9869396919161558,1.025947102414922,0.9457175174945808,0.9771637018802966,0.7448958463498386,0.42251178203882356,0.5385425567344537,0.4726044734901279,0.5011782278488262,0.3650340394329628,1981.5
1981-12-31,19.554143567718736,0.5506231476552015,0.851443931768228,0.9419025897267483,0.9691184937903682,0.8884019458426479,0.7317707776660075,0.6103479081939358,0.516572406340619,0.4039711472600099,0.5194039126094889,0.3108286874001873,1981.75
1982-03-31,17.01488322463638,0.461514195932267,0.7419965458077227,0.8389895092595521,0.8927620971043394,0.8217046300203634,0.702034980562668,0.5974980654863798,0.5337005457023659,0.3971930623462714,0.48399919092733845,0.25414644278970316,1982.0
1982-06-30,14.84532337015232,0.38626707502659297,0.6362480232403456,0.7243466542828005,0.8078501362749052,0.7394245064307733,0.6211376722639304,0.5537608559969535,0.5220608423458255,0.4888182136865043,0.5096110018220388,0.2668241582118949,1982.25
1982-09-30,19.997949439216942,0.7142033114012201,0.778275592068711,0.8298418910905878,0.840760627507552,0.7634626132592912,0.6703502750930269,0.5164843152385964,0.48981603707329346,0.47493983531980516,0.5242991356568728,0.24370356184233638,1982.5
1982-12-31,19.200185893965973,0.5752664572083132,0.9230059366064058,0.8711852336334202,0.8063275637645619,0.7746378083577978,0.707882380257453,0.5615268242881325,0.5388580038852795,0.45074153268654715,0.4923331363816136,0.24794180334875646,1982.75
1983-03-31,16.697598144021615,0.4642461937571446,0.7665043276756635,0.7684410699452267,0.7248876741608046,0.6975495238049846,0.6232472718821201,0.5318154109493528,0.6348512690787758,0.47506536824267875,0.4835819729864486,0.32401606422511753,1983.0
1983-06-30,14.610733221098632,0.3753049314769706,0.6313479474820699,0.6629648169003663,0.6579436319421889,0.6309248905463214,0.5546194626834983,0.5352334441267323,0.5676149038596404,0.4193943239249589,0.4524436253074518,0.2741005590072112,1983.25
1983-09-30,12.798432694904632,0.3167499790752017,0.5392608824067927,0.6115585374134042,0.6258797574998316,0.5997377689149819,0.520266223305555,0.5091835303957392,0.5190486148689921,0.3789747935383713,0.4323838130698479,0.29719892444178875,1983.5
1983-12-31,11.237176133732712,0.26058969874367993,0.4762306616344043,0.5733044925239207,0.5892659681559841,0.5591727895680215,0.4817145867545044,0.47738841084779376,0.48756970224919705,0.3944303382409052,0.4303185675021882,0.26188185414726933,1983.75
1984-03-31,10.30622970800949,0.21593750978761667,0.39787448963606886,0.5140299981523059,0.5425053768672842,0.5188901802182903,0.4471435118407001,0.4630674282092367,0.46683404964506736,0.3950962876831994,0.4364225338524893,0.35218339475938965,1984.0
1984-06-30,11.083689095280235,0.2656362671004875,0.377617992222268,0.4811885357212357,0.5014515857659371,0.48739986080968445,0.41573005375176975,0.4375546365894223,0.45252917524367314,0.3748255947501148,0.41268540560635736,0.42260639031240843,1984.25
1984-09-30,12.322651044019567,0.2732073013080345,0.40212364026393893,0.4788321586263673,0.49793825291250665,0.6407409364410499,0.5031097515437674,0.45046492210302236,0.4432339038571728,0.4754893438774531,0.4799518135323262,0.5558973056296779,1984.5
1984-12-31,12.970096951074805,0.4183565158774484,0.5062575230197214,0.6920729463827052,0.7163353221518948,0.8618317707071941,0.7258865629056864,0.6026904057258893,0.481696050528005,0.5442849375714908,0.469181056709798,0.5211781027260439,1984.75
1985-03-31,11.323653410081361,0.3403016300109387,0.5768907868211717,0.7410346159845709,0.6464460228195118,0.7742236880846465,0.6353840759278914,0.5622098312332288,0.5289716810916217,0.4482737485056871,0.43995343866542114,0.43120398429000684,1985.0
1985-06-30,13.58157115473622,0.2775331955925261,0.4833171651282375,0.6589442169636222,0.590896699443453,0.7057756079506405,0.5627569036477506,0.5252291637191473,0.4888990647225219,0.38719573008249664,0.41438856110689576,0.33919102330346357,1985.25
1985-09-30,11.850606502545453,0.25155647141567905,0.41460593446975846,0.5915792515845307,0.5543947261252914,0.6612986961870267,0.5251575909179469,0.5150643753377596,0.46740820469112193,0.4620317540591295,0.42617692182093236,0.31407690147017964,1985.5
1985-12-31,13.065697694052743,0.29645652433096337,0.45726062577321014,0.6267629009405203,0.6680907571549051,0.7455977468114076,0.6874337085500228,0.5889639739490473,0.4963945710027637,0.47717301978789184,0.5079176001824528,0.6194570183287049,1985.75
1986-03-31,14.817622219339123,0.2886244669893833,0.5857803051604556,0.770293541305474,0.8421659915053802,0.988202348622582,1.0152115917720228,0.8892864027746562,0.6668412739075591,1.1765533753301356,0.8520418149842515,0.42827143102415366,1986.0
1986-06-30,12.920397411615602,0.2630424603178778,0.6132521071917116,0.8097688517334791,0.7936153119265743,0.9188319283329017,0.8973060356905127,0.8249075613738815,0.8459117007688653,0.8036578638446286,0.793620580424485,0.31612472778880285,1986.25
1986-09-30,11.31761321682249,0.23302693341181413,0.5739106634986014,0.7870495785068491,0.7761723888893868,0.9240379434999495,0.8693179623438677,0.8634358695345777,0.7535741681199715,0.8239153168668716,0.7577178495804333,0.255768765027983,1986.5
1986-12-31,10.11918460382041,0.2324278435067009,0.5440590180362009,0.748508908523811,0.7324250697077861,0.8529403487200102,0.7700136308193413,0.7858987633217978,0.7181548033916642,0.6154950412716137,0.6982944067071688,0.2518057668065833,1986.75
1987-03-31,8.88321014886859,0.19705474183183574,0.4902435351806174,0.6662247415676045,0.6599915969091356,0.7665610565417343,0.6711474205735604,0.7127761291872229,0.630542735980655,0.44943996752331306,0.6424753898323334,0.2817874955787618,1987.0
1987-06-30,9.10849973314017,0.2437020285059327,0.4508546588311459,0.6264945875324889,0.6402562883732688,0.7280928280309588,0.6046792955688461,0.6614332794911552,0.5641397726341527,0.38770968274760964,0.5938310377822125,0.29070602004295076,1987.25
1987-09-30,10.145112275337063,0.23909807491748733,0.4787602997202509,0.6274141109376935,0.6431057777415129,0.7129837185869433,0.5884968480693611,0.6423452018838859,0.5291478543031866,0.4618508314214237,0.5748798485554136,0.29267439320929606,1987.5
1987-12-31,10.63789362806996,0.20223665209285635,0.45814560293651746,0.5828665593606149,0.5957473863062028,0.645975620793583,0.5360815371514143,0.5888557966243156,0.5260856141475732,0.43929919044590654,0.6198613872506199,0.26323375482902833,1987.75
1988-03-31,9.647152734628337,0.17248038960456627,0.38810090270820674,0.5205578689789117,0.552139941354225,0.5890494260088189,0.4934157792731151,0.5483982569430843,0.4949071579576143,0.4719777819340561,0.5844311845044743,0.2323460182252328,1988.0
1988-06-30,8.551961649129767,0.15196875121932155,0.33397678523915925,0.46719044139205385,0.5188742959232457,0.5529929132740595,0.46945213084582776,0.5178145087704082,0.47263966178291184,0.46276025966674605,0.542053589795275,0.26381031220811607,1988.25
1988-09-30,7.54178728837637,0.1479049065135647,0.2928987031337017,0.43052898968526837,0.49971586861665385,0.5352448596265849,0.46416425428742525,0.503171223449969,0.46030729576940527,0.4243944158268686,0.5099647705353044,0.27964981063061256,1988.5
1988-12-31,6.991240487790075,0.14323500081633717,0.2831704783646011,0.4283723757942306,0.5111798342835628,0.5457788546180266,0.5099860332233003,0.5297259057245175,0.48863979427370996,0.6152496554348723,0.5174420134785643,0.2924718220088687,1988.75
1989-03-31,6.474908571023958,0.13193283898765357,0.2782648457787481,0.4329429392191252,0.5093013358155762,0.5366111736902901,0.5231161850882914,0.5288218095001491,0.5458591442818805,0.6017545898654642,0.4897928783841904,0.31347405106521287,1989.0
1989-06-30,9.786339143442367,0.12915549925827652,0.2560255233629247,0.40469462069396467,0.46634809624054996,0.4908038932836421,0.4753497575415079,0.4962226090209539,0.5262371684845255,0.47359921152041634,0.4582344460608868,0.2758491572831626,1989.25
1989-09-30,8.77979824670946,0.13560623875555972,0.22712463533576993,0.3622744167287999,0.4308102814790934,0.45012846307381643,0.44174452293440764,0.4656414051175369,0.4934751465066214,0.3956886811550401,0.44183921649411584,0.24591693538454684,1989.5
1989-12-31,8.04831726403518,0.12341893152954178,0.20215989586557048,0.32853224698489275,0.399431678723711,0.415271721838364,0.4118089679221201,0.4364558233769515,0.4681892635744984,0.37901554366992646,0.4207066203482469,0.22301514718211693,1989.75
1990-03-31,8.341741956069646,0.15639427930571162,0.2215790237360417,0.3378559274179905,0.3848568509299523,0.40843424441165593,0.4020557444740696,0.4197670681548322,0.4482096784833319,0.3702984720065099,0.39897216854448325,0.215441615160359,1990.0
1990-06-30,7.586268471664096,0.1395996834604464,0.24467579234703896,0.3340015453875018,0.3614325971211306,0.3824019929919337,0.3824637776587943,0.39663257276967273,0.43434989492840015,0.3661126651191896,0.3855118109024933,0.23952795052528753,1990.25
1990-09-30,6.79883319580527,0.14508441427528948,0.2523905959066518,0.3769470217341242,0.44418551095553616,0.5150221322431051,0.5634499522892317,0.5184693728412595,0.45638332308686536,0.5941210389803392,0.46499803511354426,0.2877677210999199,1990.5
1990-12-31,7.7535671117104785,0.13511788602107638,0.26978539445233113,0.38772661572789496,0.41946040123812534,0.48586845233210324,0.5255706507689747,0.48864980833024274,0.5132746969383837,0.474017111499291,0.44217519845817527,0.2494633247936975,1990.75
1991-03-31,6.864843331789349,0.1526473447936597,0.29556126450382775,0.4086419861438884,0.41089637767958986,0.46400655646500716,0.4917073058134599,0.46361640790226316,0.48201691162257093,0.3941999370898378,0.4237804483366106,0.2326685327817744,1991.0
1991-06-30,6.094739537862157,0.15911802960710322,0.33690191231053707,0.44254776354106606,0.4482985567655691,0.47774012542222133,0.48272860314712945,0.4617995636352021,0.4627094447077151,0.3849699659371813,0.40054663583539,0.3324543916469612,1991.25
1991-09-30,8.06848338226636,0.15215863196689397,0.30209145511571606,0.41960287572144117,0.41996263109766524,0.44295302571171197,0.4435329562734847,0.43620480071607437,0.45819094633115565,0.437938752513992,0.39247986356317716,0.29649131984616006,1991.5
1991-12-31,9.206522099258336,0.1556646800263254,0.2698648162698553,0.4147057427426139,0.4288469451622455,0.47194068092528374,0.48573957863683404,0.4688948750852705,0.45651065715298805,0.5285613656493533,0.3875114360278318,0.2551829954428994,1991.75
1992-03-31,9.034723389202629,0.17183077912951686,0.3061618440654639,0.46481644702940245,0.44940268627293667,0.46892036400641546,0.44688791680927054,0.4395429269752246,0.46949114227791566,0.44936596597972817,0.3716072952758936,0.34763259785022615,1992.0
1992-06-30,9.099970773575683,0.16710282140287377,0.3407835257005194,0.4579642315279171,0.4421139107798022,0.4730358337163404,0.5006432962334365,0.5271974311786295,0.4903961343155947,0.6718733827219602,0.39853602767864205,0.2738601759020201,1992.25
1992-09-30,10.031624572485669,0.14597691864787157,0.2975453910885681,0.40689071084708717,0.4178782084676177,0.44815604319884045,0.49516505361709423,0.542236137197558,0.5762321269757295,0.7242377306704756,0.44115218278782853,0.24104760464729183,1992.5
1992-12-31,8.961998460531383,0.13257426878244877,0.2564451190068178,0.3649971762959863,0.39135757320914266,0.42956867715158814,0.4854015606508962,0.542181216920437,0.5894283898221373,0.7667754957260557,0.5246390041656948,0.23585877931213559,1992.75
1993-03-31,9.37705914707724,0.1742436139444702,0.2868576375629983,0.3874613380774422,0.40900646314101646,0.41576377522538377,0.4483480395349786,0.5037847187761149,0.5830461654239031,0.6728651389089805,0.5347962229808596,0.2304574916068653,1993.0
1993-06-30,8.59497729668048,0.16822279547234414,0.3535281669734162,0.4368004553721843,0.4621351980560558,0.49695862356806486,0.5144699708484041,0.5028018417863255,0.546697990534328,0.49072378417277684,0.49952970864645097,0.24148497015961648,1993.25
1993-09-30,8.058037744334946,0.1546021932680194,0.3518861423993319,0.4394956599354941,0.45886477453980645,0.4992393096873603,0.5220233167490557,0.5029097449355554,0.5306951322862583,0.4479711385886602,0.472321053116374,0.2213457692309118,1993.5
1993-12-31,7.291319653775171,0.14469358385264147,0.3177289460946761,0.41760262328801845,0.43369771164180587,0.47179218901504005,0.5007784677635259,0.4846575256628287,0.5151141692592396,0.393858418591701,0.4427367406289882,0.24132101783061508,1993.75
1994-03-31,8.31979188261454,0.1408762701924189,0.3013723608236213,0.41259851122332986,0.4281583523415194,0.4531209282709836,0.46093372509317104,0.4524636401332159,0.48517893303186477,0.37382204798761204,0.41750397887266166,0.24908952565760015,1994.0
1994-06-30,7.995127883074469,0.1341187936067499,0.289717698922045,0.38928155413184495,0.399521833450296,0.4218241300709197,0.4319676396484126,0.42750145481379637,0.45817447090298163,0.38775589962824064,0.39564876772577007,0.29178548222507833,1994.25
1994-09-30,7.143748597859864,0.12296552342937851,0.25309965690577374,0.35148786713326846,0.37400364095479044,0.3913307182794698,0.4042985680098541,0.40255678313947085,0.4398361164240598,0.3719029632809738,0.37797651162007734,0.24746363667556515,1994.5
1994-12-31,6.626394658350476,0.11635899794067806,0.26247821694023915,0.42581354844024794,0.5134426894870726,0.5739595994611092,0.6312726970851714,0.5375717735307541,0.4640454366207966,0.6379527658842656,0.40511122637444574,0.29079847973318473,1994.75
1995-03-31,7.431881488408583,0.1352610134652109,0.2808106683280076,0.44905961016423024,0.4839515129578514,0.5373949811720918,0.5790441618686737,0.5256062119375919,0.5377964579724422,0.5557733892343957,0.3861594622281667,0.2672787059861881,1995.0
1995-06-30,9.285056737599174,0.16835389863858014,0.28438138793971923,0.4507893537754935,0.48951411446498383,0.5392855668011899,0.5522307693615177,0.5017474991104298,0.5189052211847165,0.43140390038195464,0.3678134365207037,0.2533212887078816,1995.25
1995-09-30,8.157179626277872,0.15059156794501297,0.297170371590089,0.4338070897684811,0.449740939451756,0.4924871470567961,0.49824975761454965,0.4680291504680803,0.4879880030456995,0.3897415319979353,0.3557682451713291,0.2261678639262238,1995.5
1995-12-31,8.280799615447942,0.14823086030487143,0.2777672319101625,0.4084277305955427,0.43950484955845964,0.48108068189460385,0.4868331285612967,0.45217802797132023,0.466406327223248,0.40602317600438664,0.3633705665680526,0.22040610242434214,1995.75
1996-03-31,8.716424306943775,0.19500030440074737,0.34242036007861754,0.4565105705752764,0.4829317623206118,0.5351607290583058,0.5282657070527506,0.47686045424371243,0.47097401481786866,0.48763985637396406,0.4317321200178431,0.22068676275346813,1996.0
1996-06-30,7.822152843931718,0.1695562951570853,0.3785369540227781,0.4576480732511984,0.44460967254260686,0.48878110875595193,0.47909688286875063,0.4482154843370117,0.48668556438301736,0.42477289026425236,0.41209390913165145,0.24739099315905413,1996.25
1996-09-30,6.9243857140710166,0.15707919798233755,0.32678426320970066,0.4110686044535661,0.4134395001884541,0.4509544874335268,0.44195058291820555,0.4216803877914548,0.4599023266735962,0.38031409909383845,0.3902695572649306,0.2235324879536213,1996.5
1996-12-31,6.482884807194581,0.14803450338753943,0.29064541646069264,0.3773826594626889,0.39321273054855654,0.4307308256747178,0.4263354246069523,0.40795606477817187,0.44185098690870817,0.39197142903051646,0.3817277048388157,0.21856410637711776,1996.75
1997-03-31,6.548912785575192,0.15329913470185638,0.2789204045750797,0.36686823479260094,0.3872099985274127,0.41699688858309353,0.41666426985739125,0.39809339977864655,0.43402834012141667,0.38029078990051546,0.3779497502575329,0.23972500499559435,1997.0
1997-06-30,6.46917635745878,0.13839463892968765,0.27219339006655763,0.3519244473828474,0.368300202372133,0.3983820430657726,0.40876326482120423,0.3869564822858567,0.4295468922745207,0.38189922166893364,0.3731872059265928,0.2408936356694206,1997.25
1997-09-30,6.353942980548361,0.12892628323328242,0.24983718758700657,0.34441587465723406,0.3729881396464517,0.40279626178267974,0.4110675342396842,0.3840318445925757,0.4283723290555119,0.38598719241609025,0.36214953016024043,0.22088332294827995,1997.5
1997-12-31,6.100596642618174,0.13271490598918764,0.2555258139441289,0.3634751020936614,0.40959679130701754,0.4522091541894127,0.489677424682761,0.430052402116963,0.4449065029729253,0.47042322892736466,0.38094627885828364,0.21224017253296246,1997.75
1998-03-31,5.4529759635788695,0.12295996977134813,0.2507255230346056,0.35330551039155034,0.38103632547821337,0.4169434818489781,0.44824191802456986,0.4071194420817065,0.46862850254447447,0.4098126817859094,0.36593354697922814,0.21475831787682154,1998.0
1998-06-30,5.063163137168624,0.11473351284666199,0.2223286073832297,0.3326180025678901,0.37934321152111683,0.4212249627983282,0.4536826558493593,0.4209543564073099,0.45740565431007973,0.4421115048436364,0.3813456197774074,0.22437739278492833,1998.25
1998-09-30,7.711437794765516,0.11689773815508686,0.22408437037790624,0.34139058775610637,0.3680855130210524,0.3980480041757084,0.4225071422535924,0.3982673628041615,0.466738728625283,0.497223052764043,0.4096197729964224,0.5730482785911415,1998.5
1998-12-31,7.072761456130197,0.135565909793184,0.24832254885457078,0.34765364052498243,0.35049526231909,0.3801978759856379,0.4131706305911697,0.38001564737164717,0.4540463533695633,0.43519743533280664,0.3892570698670588,0.40538161643908466,1998.75
1999-03-31,7.210221241794854,0.157002687093583,0.28347964403010795,0.3756456240714777,0.37148342620153946,0.4242490322105063,0.4526061740871403,0.41031785988816216,0.4483420367075847,0.3894346840464012,0.3743971196507302,0.33033404611390316,1999.0
1999-06-30,6.957579693037099,0.1514243362363614,0.30518506630426684,0.3789537127828014,0.35255438424004026,0.3974959189362485,0.42146544514751877,0.3913920234901249,0.4630052965209747,0.3722830491839756,0.3649750379103054,0.27057466036910877,1999.25
1999-09-30,6.212213100796401,0.13650008571139616,0.28031118752575646,0.35188033417897585,0.33661763449466975,0.3772708217006304,0.4082220031279841,0.3799801201535059,0.4442287638364317,0.39668028878904293,0.35284021157925444,0.23533122914744067,1999.5
1999-12-31,6.288443604814879,0.13230828925991828,0.2484255651423873,0.32486871896692837,0.32022356145429226,0.35419922353951394,0.38690408586112734,0.3628523621065775,0.4336598841576048,0.39341006780367505,0.33929043286089455,0.22930140433533833,1999.75
2000-03-31,5.941629893841603,0.1723339646572597,0.2671603645006032,0.4089756870674259,0.5273043486432214,0.6457318891486551,0.7126274189159805,0.5780019281693887,0.47619454595017957,0.7580945939619079,0.4996266796946449,0.41099210288958293,2000.0
2000-06-30,5.3163780549153135,0.15829456389804517,0.29115784333434036,0.4324441878018977,0.48372543716541205,0.5876845629381469,0.6279871405478257,0.5440392096525244,0.5722198830674345,0.591616027347266,0.5010081503040702,0.3112861929734901,2000.25
2000-09-30,5.002365136068081,0.15342468247589286,0.25699994794159214,0.3890152888778535,0.44435328411370417,0.5375304676899596,0.5648562115530898,0.5069945073905621,0.5295575147362142,0.4755869443878059,0.4839167388183362,0.2563372526028075,2000.5
2000-12-31,6.133677110234423,0.14914017091336712,0.24941852140634602,0.3689772368307233,0.42974043504526355,0.5023028111703216,0.5187856960650793,0.47534776474035645,0.4994274906717821,0.40481204792130343,0.45637979293155245,0.2670829890214752,2000.75
2001-03-31,5.833961033853143,0.1912261797188543,0.31859980758126544,0.469931570151228,0.5220654196988314,0.5867964834065021,0.6321193697461395,0.5428055347211967,0.49382909360412325,0.5089551505671058,0.47603170523720273,0.23247193567301944,2001.0
2001-06-30,5.5057462746952055,0.22738121187648347,0.42410379154419453,0.5627226724989288,0.5622477426318202,0.6087404602699049,0.6260253667593448,0.5362443393625835,0.5219152843360105,0.4271794316958886,0.4469345352513981,0.21707216977096291,2001.25
2001-09-30,8.012784834939842,0.19855933968983872,0.4357987769321948,0.550492859629211,0.556692087095456,0.63172334881941,0.6431992826540343,0.5439342758609966,0.512279200898788,0.6112978385437207,0.4869430833684497,0.46642213476727457,2001.5
2001-12-31,7.226842267372138,0.2530233877717602,0.4546731879100621,0.6118118894920008,0.5972353683514569,0.594938773464744,0.5791073606633308,0.5079314830001697,0.5267917066221857,0.5060323122899668,0.45996080697202885,0.33613461622525653,2001.75
2002-03-31,6.646045963889008,0.21095027985244633,0.49434865577440973,0.6136933871517106,0.5429426894760221,0.5405467036302547,0.520874438910448,0.4712517932750734,0.4872634837991943,0.4108295877199086,0.4352620259318411,0.28964557982641903,2002.0
2002-06-30,8.077651418615282,0.2257259810449057,0.4202767563493275,0.5330452009821545,0.5010947253519497,0.4995833585363769,0.49413406815894606,0.47048846465274347,0.47838280203221517,0.5906500283136034,0.48421874450776925,0.4671584041663468,2002.25
2002-09-30,11.26629061348647,0.29755703302845454,0.5219187769977391,0.6367289442645221,0.5534619145141446,0.5366867033547392,0.4615979287151781,0.4431652933475055,0.505888326571856,0.735868920667183,0.5925413536338601,0.9794767516082308,2002.5
2002-12-31,9.856154892370343,0.24572480493624013,0.6141065831008383,0.6713333673626448,0.5349110005788822,0.5091204309224682,0.4573159831049496,0.43280967106567186,0.4898203145433636,0.5380607075988971,0.5485401586444753,0.6436878638783509,2002.75
2003-03-31,8.697533421547138,0.20824127579240115,0.5125806089548101,0.5932524226090903,0.4896773632555961,0.46952351941359555,0.4321536057686343,0.40995550669849323,0.46355975056283144,0.41557117412830946,0.510512928623711,0.4722708217465659,2003.0
2003-06-30,8.188830627794111,0.19323162106557892,0.45669015676609315,0.5624869212968703,0.5040842982958871,0.4881441295942982,0.43824250142247906,0.39198381690872575,0.4421878063962727,0.382083097302124,0.4761314617293849,0.5819381009027099,2003.25
2003-09-30,7.305181004189642,0.1663160304240652,0.4237029858627404,0.5419399402900413,0.4989470303439373,0.48421589286836125,0.4410114528647497,0.38395803170103365,0.43259162036812715,0.43023260338966,0.45713207990420734,0.4288758964516562,2003.5
2003-12-31,6.563896104029873,0.14753337694818336,0.363307514590833,0.49065825066120133,0.45849437968888695,0.444659021443419,0.4109440768859779,0.36651202567957725,0.43416887596566883,0.402101067806462,0.43115874935430293,0.32108782086678045,2003.75
2004-03-31,6.813590329793554,0.17666967238312914,0.3568335425977403,0.4880224062450852,0.47571394308492093,0.4531414071401211,0.41535087880759275,0.35674319355469086,0.4226689802241006,0.3964131113035707,0.4182755826621313,0.404605010077681,2004.0
2004-06-30,7.678501541659752,0.1791465891456302,0.37927746381009086,0.4762736029802094,0.4400938936015402,0.41874013699438006,0.40472458006285295,0.3652094210837313,0.4253364698553197,0.4531959092269,0.40426711484151884,0.517078806315465,2004.25
2004-09-30,7.596177143734519,0.22924940064166882,0.40638838192851184,0.5150618514998198,0.5176428513586668,0.5019666656295099,0.47850133785637905,0.3951241720770898,0.4457507252656789,0.4073984272029157,0.38474112411284395,0.43511434233140983,2004.5
2004-12-31,6.734864987199853,0.20206475036878715,0.43730896554695753,0.5405988774681152,0.5218051961511774,0.5182367250635447,0.5209572535991128,0.42767142811000364,0.45288258272121773,0.44231236540526625,0.37928335691631015,0.31810627516569606,2004.75
2005-03-31,6.3213420946780285,0.17200731250139156,0.3884047056928069,0.4989492381755168,0.5146201172556681,0.5444248876818489,0.5835584129645912,0.530707185645351,0.5000900015154721,0.6869170399951127,0.4709370094794144,0.256952072969988,2005.0
2005-06-30,6.740095878581424,0.22104675228420062,0.38985247234748893,0.5625148109104269,0.6155910144464263,0.6796214246720379,0.6948681035422175,0.5931047719548121,0.5738272872362111,0.6467774249565403,0.49050987224557696,0.26697354319075595,2005.25
2005-09-30,6.735997761160599,0.18913423781469124,0.4099707037757153,0.5698491889607925,0.5609025302401293,0.6200315621721175,0.6125935695342822,0.5474210010640143,0.5781176479306757,0.4774887010440082,0.4622510854503726,0.2545927576182508,2005.5
2005-12-31,6.013789917292066,0.1679635498193877,0.35017070378435283,0.5051944966146595,0.5238532078007418,0.5825366907350316,0.5621645766493469,0.5244958578362328,0.5283735435839446,0.4379802685572839,0.4443212528476865,0.22677877494546106,2005.75
2006-03-31,6.377507065168237,0.15057206234560375,0.306600774492745,0.45414860095890625,0.48669864033569227,0.5466080160020342,0.5240009978357589,0.4988695101788051,0.5013463528426243,0.4081791336701475,0.43479424124583205,0.23516861240763814,2006.0
2006-06-30,6.023899776492893,0.13428456455489865,0.2698184767831513,0.40662481297307057,0.44878274447516914,0.49930812761498533,0.4750858297693229,0.4636273837817264,0.47810590916967655,0.3798638677901967,0.4141321358736691,0.24005792877552215,2006.25
2006-09-30,6.285470727999614,0.15159338548320217,0.27273570965328464,0.4141990945829967,0.472364332809084,0.5099923885383543,0.4854637788500996,0.4599733425315904,0.45800227875367094,0.4060059924656799,0.4098334449291353,0.22033515597011702,2006.5
2006-12-31,5.689038626502045,0.1358463679893846,0.28332217174051727,0.40725307501415653,0.4382299819506971,0.4711937808779241,0.4478581377324292,0.4328341350662683,0.4510276331029675,0.3803141491790853,0.39034879161387726,0.2122066711308076,2006.75
2007-03-31,5.106935830168986,0.12949331807269368,0.24704593088608676,0.36914710424159836,0.4059175637147813,0.4332999951724306,0.4174817089016496,0.41041828751670323,0.4362294074403814,0.3884163695669686,0.3957275749344763,0.2207508928710198,2007.0
2007-06-30,5.286897016735139,0.15585271652397614,0.24623652405894056,0.348870924127819,0.3850472837794902,0.40922429029756946,0.3970938241970059,0.38859380211459527,0.4284604913656933,0.3720659605465442,0.37701241685806813,0.22695210711952693,2007.25
2007-09-30,6.05456145680413,0.14121998411980088,0.24896166759263272,0.3285877436722195,0.36481773877206736,0.3881481694553897,0.3971884319150145,0.3945105357030674,0.4274743068765326,0.4360881654155499,0.3743819571740115,0.23552474309622878,2007.5
2007-12-31,7.172512421605827,0.12805955890082257,0.2174730863666007,0.3042772984381236,0.34354800069889724,0.3679368286131471,0.42724292048752893,0.4133738402990173,0.4465825985151629,0.4979511707144431,0.39210845921424264,0.27274708364125616,2007.75
2008-03-31,8.56691655700585,0.16937961288260717,0.2709583142795355,0.35520095157466847,0.4438781342973828,0.5228676118177037,0.6199989483358048,0.5890338421845103,0.5106765744934335,0.7653514018915407,0.5311516304486152,0.35167726684279,2008.0
2008-06-30,8.629585395933459,0.15483826687757346,0.3221516988169034,0.369677651310323,0.41303909063722644,0.5405802979421528,0.6637486312827289,0.6382863101611174,0.640651619025164,0.6894357557996418,0.5349318799596616,0.27638482835286454,2008.25
2008-09-30,8.125171617915312,0.1442748915924137,0.2773555233328786,0.3358720573304847,0.41982219107694296,0.5640037010261899,0.6945159415391916,0.6195171618454441,0.6525740893582382,0.5539698331149047,0.5004350541570186,0.47577873650234653,2008.5
2008-12-31,14.070874847841885,0.18827971358948545,0.31276668856431694,0.5049304629652207,0.7175028526453573,0.9863686315264734,1.0950774408459194,0.9351607878942501,0.6889996256487707,0.43067249027266047,0.5306816917383189,0.38753564875221636,2008.75
2009-03-31,12.372910487057267,0.17866092604424622,0.36021482558731244,0.5634725864743659,0.6860347001605464,0.9463611812223727,1.0308405646743297,0.9489013875769192,0.7959540045028252,0.5658720089950956,0.7183889369303877,0.531997728085889,2009.0
2009-06-30,11.796042660690008,0.2131047846107809,0.44044315814409507,0.6713083185470123,0.8387069946156825,1.0309963980602255,1.1308968398767945,0.9993026799368587,0.7335757187279788,0.46304924873172537,0.6606951638500738,0.6326215787773183,2009.25
2009-09-30,10.746157236227605,0.20696015633798606,0.5298425116684427,0.7139847115511758,0.7755439046561959,0.9590470614490052,0.9995298118371011,0.9183009323770197,0.702959337210445,0.3912463533116744,0.6101010962995491,0.4372653220866965,2009.5
2009-12-31,9.609322299626472,0.18320092484371306,0.478233771547143,0.6455188179869741,0.7421037873390542,0.9073935204933117,0.935984312100162,0.8946590776015093,0.6486655631948147,0.6177471318246728,0.6642293139574944,0.32635824272693037,2009.75
2010-03-31,8.563615208753047,0.17242124807308626,0.42033364655896505,0.5672388849309472,0.6684510688250229,0.8152915322992743,0.8064703621924695,0.8108054648932473,0.6481392072881601,0.5123027117228514,0.6393448299835905,0.3005134443771223,2010.0
2010-06-30,10.172211667912064,0.2631612707872,0.5084661838254472,0.7416831821877035,0.8592940390749157,0.9609528477015867,0.9007055743193351,0.8490428898055796,0.6181929160440726,0.6219868341059575,0.6490273164879622,0.4389017746350294,2010.25
2010-09-30,9.677866765735402,0.2444804960316446,0.6194719639006442,0.8336299688241134,0.8490177656182859,0.9598605807822498,0.8518680664531273,0.7995286507225945,0.6529131722962657,0.5115150248453016,0.6114157437962302,0.5523500207164587,2010.5
2010-12-31,9.493903534455086,0.24022889762887428,0.5960753102972252,0.8340460003500088,0.9188506440263722,1.0278557302601075,0.9886150808481882,0.8734053688785649,0.6244099689362174,0.6245696785789203,0.620124608233078,0.4247038485032223,2010.75
2011-03-31,8.361169774535888,0.2004898087768342,0.5547362460842393,0.7755824869522997,0.8239405902716311,0.9232432448747895,0.8551438160138587,0.79637553937462,0.6620090552619133,0.48267067169770356,0.5746948627275325,0.3225372175775329,2011.0
2011-06-30,8.187659714850817,0.20924840849666948,0.4947608562134968,0.7101818699066221,0.7703793557671174,0.8471298362868319,0.7434401838093174,0.7235012700467777,0.5909341059574934,0.5289181985634102,0.5978719252368032,0.4919140442680698,2011.25
2011-09-30,11.648771246777194,0.33198937145307944,0.6921743091801713,1.0688635563525195,1.3409847521558065,1.6043552877713112,1.7005192637472761,1.432584135662932,0.8580352973376026,1.751818731201439,1.1222390227433818,0.45741507946413806,2011.5
2011-12-31,10.2369287549892,0.27194635711975057,0.8249565610794267,1.1561138260714348,1.2000845413572554,1.4369675283396195,1.446674675606866,1.3077320751595698,1.2778593638973803,1.1582524377143752,1.0304800336719993,0.3543307648114567,2011.75
2012-03-31,9.202095613161568,0.2274122956851386,0.6826377973875712,0.994598077832281,1.0890764216947393,1.305241422422351,1.2581657598748794,1.2003996737895706,1.0829770295854357,0.8223418330892742,1.0128783407600963,0.4802147349708466,2012.0
2012-06-30,9.004834832369532,0.24036281261371206,0.6217602159809613,0.9511410842856389,1.1338757499270975,1.3574197161090182,1.3370621740444917,1.2736209853501246,1.0111756411320103,1.0704391870799905,1.0574260970248281,0.3443332085386334,2012.25
2012-09-30,7.935333891192856,0.20156333879747024,0.590261943174687,0.883631833246035,1.0135448255415391,1.212889414540221,1.1378580006914318,1.149638652856528,1.0227859046006083,0.7502170588846592,0.9801937643883334,0.3416409856674788,2012.5
2012-12-31,7.020531504259121,0.1716618003632849,0.48909440508947855,0.7570588098511545,0.9074406228565935,1.0847000659665103,0.9736016385830706,1.0341027379333774,0.8698126297359966,0.5032731673653453,0.8986113359857413,0.2710395083697651,2012.75
2013-03-31,6.239104552984686,0.15025697566212948,0.40630600162045527,0.6509046201435493,0.8136946378763776,0.9721486054539004,0.8412622311245742,0.9372306688117674,0.7521171394448251,0.4597579183604825,0.8435150021596626,0.3982472434121278,2013.0
2013-06-30,6.59745111972904,0.16316209709838014,0.38333309368540047,0.6412162159933862,0.8393501367856926,0.9888301453988053,0.869126549882936,0.9033724127844369,0.6783232344352397,0.4194912451224271,0.7721606781825077,0.6528655623276269,2013.25
2013-09-30,5.867645191995724,0.1450066270110463,0.3812890810131523,0.6104344625284204,0.7540790106145595,0.8902672009699164,0.7676692411536451,0.8361773946325395,0.6430790848729797,0.5554944290708719,0.7629986452317177,0.5128432019948933,2013.5
2013-12-31,5.538650035445929,0.13290400485560236,0.326309483022053,0.5461664502337557,0.7105331382761991,0.8374051745487012,0.7411848719573503,0.8027957362391104,0.6210517577870118,0.5239957188184359,0.7102814370220519,0.4379778770444193,2013.75
2014-03-31,5.552193744880236,0.15772956270438687,0.32684332310040104,0.5500930920431801,0.7292099168354149,0.8854512694459109,0.860324338294658,0.880011271170285,0.6578298819876215,0.8629936045553224,0.7969602830633064,0.426707578935369,2014.0
2014-06-30,5.342966897519548,0.1582254164900416,0.35555761316090795,0.5579640575836348,0.700132932006437,0.8402301873106593,0.792698983691884,0.8247567322765711,0.7390504247512558,0.6607241462777842,0.739180141387366,0.3174618087632343,2014.25
2014-09-30,4.857734018755819,0.1425782945119645,0.33708839020105635,0.5178426827759166,0.6399746845629417,0.7747385408971457,0.7250159989457439,0.7776111100643353,0.6800714734812972,0.647985411508539,0.7212221209661505,0.3779439144070755,2014.5
2014-12-31,5.2712329426379565,0.17365127612404108,0.3638034751978031,0.5738280512975201,0.7148648943558593,0.8479415782645114,0.8411182227092411,0.8335519864744471,0.686115921457616,0.8361051688237571,0.7744160287759405,0.45690270450113274,2014.75
2015-03-31,5.378811000297284,0.17403755381199312,0.4201081123463971,0.6111877278540337,0.6835335377703982,0.7940615421796192,0.7519023682518174,0.7657291499743996,0.7175302382401584,0.5927972163712041,0.7108797393292567,0.3310410578630167,2015.0
2015-06-30,5.630023947864145,0.1745051962157445,0.4203955124333305,0.6259599725978372,0.7392435297112636,0.8875772340956039,0.9072760182449374,0.9067949522475267,0.7100446919623908,0.9855286221732952,0.8463850963800245,0.4781536995478314,2015.25
2015-09-30,5.810587471333536,0.18287472642116256,0.4362561691477326,0.6510682046119405,0.7553330558851058,0.8981382276708562,0.8925558645965337,0.881043328680563,0.8144247409615858,0.7408042261670709,0.785121236391633,0.35504014926465327,2015.5
2015-12-31,5.523343190781283,0.15814384224073488,0.4129585100313919,0.60603132360638,0.6800282429528697,0.8061953723965294,0.7715388042932753,0.7982777032304721,0.7361853169696649,0.5115950091344793,0.7209105947995286,0.2847201002657077,2015.75
2016-03-31,6.75345704263528,0.19187373633489987,0.3969639413933696,0.6184809813684006,0.7346288440682799,0.8489070852466136,0.7963073860253279,0.7748141432061845,0.6542620107990013,0.4888653146813124,0.6835887898748297,0.24065918795872668,2016.0
2016-06-30,6.647584092256324,0.17701625152140452,0.4174242521906772,0.6275165917006001,0.7068492126974651,0.8335648776219863,0.7964164392068434,0.7709030149206269,0.6324242118239255,0.5948837588227078,0.6905310645140686,0.3339536898971251,2016.25
2016-09-30,5.974889256288725,0.1543704767580518,0.37319962720436745,0.5641465141899147,0.6378928774315575,0.7500257118875945,0.6928741462398935,0.7018335454407579,0.6275043582015567,0.46657381898794803,0.6359480759579392,0.26508552390832846,2016.5
2016-12-31,,,,,,,,,,,,,2016.75
